{"stats":{"minecraft:picked_up":{"minecraft:brown_mushroom":3,"minecraft:wheat_seeds":1,"minecraft:dirt":17},"minecraft:custom":{"minecraft:time_since_rest":129,"minecraft:crouch_one_cm":60,"minecraft:play_time":7900,"minecraft:sprint_one_cm":22998,"minecraft:deaths":2,"minecraft:damage_taken":480,"minecraft:walk_one_cm":18331,"minecraft:sneak_time":55,"minecraft:jump":240,"minecraft:damage_dealt":30,"minecraft:leave_game":1,"minecraft:time_since_death":104,"minecraft:total_world_time":7900,"minecraft:fly_one_cm":25332,"minecraft:fall_one_cm":10149,"minecraft:horse_one_cm":3423},"minecraft:mined":{"minecraft:grass_block":1,"minecraft:brown_mushroom":3,"minecraft:dark_oak_leaves":6,"minecraft:brown_mushroom_block":11,"minecraft:oak_leaves":1,"minecraft:fern":5},"minecraft:used":{"minecraft:dirt":17,"minecraft:brown_mushroom":1},"minecraft:killed_by":{"minecraft:wolf":1}},"DataVersion":3465}