{"stats":{"minecraft:killed":{"minecraft:pig":3,"minecraft:chicken":4},"minecraft:picked_up":{"minecraft:crafting_table":4,"minecraft:stick":3,"minecraft:raw_iron":3,"minecraft:clock":1,"minecraft:feather":4,"minecraft:chicken":4,"minecraft:sweet_berries":4,"minecraft:lead":1,"minecraft:porkchop":8,"minecraft:oak_log":22,"minecraft:ink_sac":1,"minecraft:dark_oak_log":12,"minecraft:dirt":8,"minecraft:paper":1,"minecraft:compass":1,"minecraft:arrow":1,"minecraft:wheat_seeds":4,"minecraft:oak_boat":1,"minecraft:player_head":1,"minecraft:ender_eye":1,"minecraft:blaze_rod":1,"minecraft:melon_slice":6,"minecraft:chest":1,"minecraft:mutton":1,"minecraft:coal":55,"minecraft:cobblestone":20,"minecraft:furnace":2},"minecraft:custom":{"minecraft:time_since_rest":4187,"minecraft:interact_with_furnace":6,"minecraft:sprint_one_cm":73279,"minecraft:damage_taken":855,"minecraft:walk_one_cm":66877,"minecraft:mob_kills":7,"minecraft:drop":3,"minecraft:damage_dealt":613,"minecraft:swim_one_cm":35683,"minecraft:interact_with_crafting_table":5,"minecraft:fly_one_cm":132647,"minecraft:open_chest":9,"minecraft:crouch_one_cm":87,"minecraft:play_time":50063,"minecraft:deaths":2,"minecraft:sneak_time":76,"minecraft:walk_under_water_one_cm":12378,"minecraft:boat_one_cm":181004,"minecraft:jump":891,"minecraft:eat_cake_slice":1,"minecraft:leave_game":4,"minecraft:time_since_death":4160,"minecraft:walk_on_water_one_cm":12022,"minecraft:climb_one_cm":1876,"minecraft:total_world_time":50063,"minecraft:interact_with_smoker":1,"minecraft:fall_one_cm":33114},"minecraft:dropped":{"minecraft:oak_log":11,"minecraft:raw_iron":1,"minecraft:oak_planks":20},"minecraft:mined":{"minecraft:furnace":2,"minecraft:iron_ore":2,"minecraft:sweet_berry_bush":2,"minecraft:dark_oak_log":12,"minecraft:birch_leaves":1,"minecraft:crafting_table":3,"minecraft:grass":5,"minecraft:coal_ore":25,"minecraft:grass_block":7,"minecraft:melon":2,"minecraft:dirt":3,"minecraft:stone":20,"minecraft:cake":4},"minecraft:crafted":{"minecraft:oak_boat":1,"minecraft:oak_planks":44,"minecraft:cooked_porkchop":6,"minecraft:crafting_table":2,"minecraft:stick":4,"minecraft:wooden_pickaxe":1,"minecraft:stone_pickaxe":1,"minecraft:furnace":1,"minecraft:dark_oak_planks":4,"minecraft:stone_axe":1,"minecraft:air":0},"minecraft:used":{"minecraft:stone_pickaxe":41,"minecraft:wooden_pickaxe":8,"minecraft:stone_axe":31,"minecraft:cobblestone":1,"minecraft:crafting_table":5,"minecraft:furnace":2,"minecraft:cooked_porkchop":4,"minecraft:oak_boat":1}},"DataVersion":3465}