{"stats":{"minecraft:killed":{"minecraft:pig":3},"minecraft:picked_up":{"minecraft:stick":2,"minecraft:crafting_table":2,"minecraft:sweet_berries":4,"minecraft:porkchop":8,"minecraft:oak_log":22,"minecraft:dark_oak_log":12,"minecraft:dirt":6,"minecraft:arrow":1,"minecraft:mutton":1,"minecraft:coal":45,"minecraft:cobblestone":18,"minecraft:furnace":2},"minecraft:custom":{"minecraft:time_since_rest":19200,"minecraft:interact_with_furnace":5,"minecraft:sprint_one_cm":35121,"minecraft:damage_taken":265,"minecraft:walk_one_cm":35850,"minecraft:mob_kills":3,"minecraft:drop":2,"minecraft:damage_dealt":332,"minecraft:interact_with_crafting_table":4,"minecraft:fly_one_cm":55785,"minecraft:open_chest":2,"minecraft:crouch_one_cm":87,"minecraft:play_time":19200,"minecraft:sneak_time":25,"minecraft:jump":418,"minecraft:leave_game":1,"minecraft:time_since_death":19200,"minecraft:interact_with_smoker":1,"minecraft:total_world_time":19200,"minecraft:fall_one_cm":13520},"minecraft:dropped":{"minecraft:oak_log":11,"minecraft:oak_planks":20},"minecraft:mined":{"minecraft:furnace":2,"minecraft:sweet_berry_bush":2,"minecraft:dark_oak_log":12,"minecraft:birch_leaves":1,"minecraft:crafting_table":2,"minecraft:grass_block":5,"minecraft:coal_ore":16,"minecraft:dirt":3,"minecraft:stone":18},"minecraft:crafted":{"minecraft:oak_planks":44,"minecraft:cooked_porkchop":6,"minecraft:crafting_table":2,"minecraft:stick":4,"minecraft:wooden_pickaxe":1,"minecraft:stone_pickaxe":1,"minecraft:furnace":1,"minecraft:dark_oak_planks":4,"minecraft:stone_axe":1,"minecraft:air":0},"minecraft:used":{"minecraft:stone_pickaxe":28,"minecraft:wooden_pickaxe":8,"minecraft:stone_axe":17,"minecraft:crafting_table":3,"minecraft:furnace":2,"minecraft:cooked_porkchop":2}},"DataVersion":3465}