{"stats":{"minecraft:killed":{"minecraft:pig":3},"minecraft:picked_up":{"minecraft:raw_iron":2,"minecraft:stick":2,"minecraft:crafting_table":3,"minecraft:sweet_berries":4,"minecraft:porkchop":8,"minecraft:oak_log":22,"minecraft:dark_oak_log":12,"minecraft:dirt":6,"minecraft:arrow":1,"minecraft:melon_slice":6,"minecraft:mutton":1,"minecraft:coal":55,"minecraft:cobblestone":20,"minecraft:furnace":2},"minecraft:custom":{"minecraft:time_since_rest":31200,"minecraft:interact_with_furnace":5,"minecraft:sprint_one_cm":55742,"minecraft:damage_taken":325,"minecraft:walk_one_cm":49776,"minecraft:mob_kills":3,"minecraft:drop":2,"minecraft:damage_dealt":443,"minecraft:swim_one_cm":6412,"minecraft:interact_with_crafting_table":5,"minecraft:fly_one_cm":84256,"minecraft:open_chest":8,"minecraft:crouch_one_cm":87,"minecraft:play_time":31200,"minecraft:sneak_time":43,"minecraft:walk_under_water_one_cm":1873,"minecraft:boat_one_cm":98505,"minecraft:jump":620,"minecraft:leave_game":1,"minecraft:walk_on_water_one_cm":4356,"minecraft:time_since_death":31200,"minecraft:climb_one_cm":1876,"minecraft:interact_with_smoker":1,"minecraft:total_world_time":31200,"minecraft:fall_one_cm":20970},"minecraft:dropped":{"minecraft:oak_log":11,"minecraft:oak_planks":20},"minecraft:mined":{"minecraft:furnace":2,"minecraft:iron_ore":2,"minecraft:sweet_berry_bush":2,"minecraft:dark_oak_log":12,"minecraft:birch_leaves":1,"minecraft:crafting_table":3,"minecraft:grass_block":5,"minecraft:coal_ore":25,"minecraft:melon":2,"minecraft:dirt":3,"minecraft:stone":20},"minecraft:crafted":{"minecraft:oak_boat":1,"minecraft:oak_planks":44,"minecraft:cooked_porkchop":6,"minecraft:crafting_table":2,"minecraft:stick":4,"minecraft:wooden_pickaxe":1,"minecraft:stone_pickaxe":1,"minecraft:furnace":1,"minecraft:dark_oak_planks":4,"minecraft:stone_axe":1,"minecraft:air":0},"minecraft:used":{"minecraft:stone_pickaxe":41,"minecraft:wooden_pickaxe":8,"minecraft:stone_axe":22,"minecraft:cobblestone":1,"minecraft:crafting_table":4,"minecraft:furnace":2,"minecraft:cooked_porkchop":4,"minecraft:oak_boat":1}},"DataVersion":3465}