{"stats":{"minecraft:killed":{"minecraft:pig":3,"minecraft:chicken":4},"minecraft:picked_up":{"minecraft:raw_iron":3,"minecraft:stick":3,"minecraft:crafting_table":4,"minecraft:clock":1,"minecraft:feather":4,"minecraft:chicken":4,"minecraft:sweet_berries":4,"minecraft:lead":1,"minecraft:porkchop":8,"minecraft:oak_log":22,"minecraft:ink_sac":1,"minecraft:paper":1,"minecraft:dark_oak_log":12,"minecraft:dirt":8,"minecraft:compass":1,"minecraft:arrow":1,"minecraft:wheat_seeds":3,"minecraft:player_head":1,"minecraft:ender_eye":1,"minecraft:oak_boat":1,"minecraft:blaze_rod":1,"minecraft:melon_slice":6,"minecraft:chest":1,"minecraft:mutton":1,"minecraft:coal":55,"minecraft:cobblestone":20,"minecraft:furnace":2},"minecraft:custom":{"minecraft:time_since_rest":5349,"minecraft:interact_with_furnace":6,"minecraft:sprint_one_cm":68359,"minecraft:damage_taken":545,"minecraft:walk_one_cm":63273,"minecraft:mob_kills":7,"minecraft:drop":3,"minecraft:damage_dealt":613,"minecraft:swim_one_cm":31353,"minecraft:interact_with_crafting_table":5,"minecraft:fly_one_cm":121415,"minecraft:open_chest":9,"minecraft:deaths":1,"minecraft:crouch_one_cm":87,"minecraft:play_time":43200,"minecraft:sneak_time":76,"minecraft:walk_under_water_one_cm":8947,"minecraft:boat_one_cm":160391,"minecraft:jump":798,"minecraft:eat_cake_slice":1,"minecraft:leave_game":1,"minecraft:walk_on_water_one_cm":11284,"minecraft:time_since_death":5290,"minecraft:climb_one_cm":1876,"minecraft:interact_with_smoker":1,"minecraft:total_world_time":43200,"minecraft:fall_one_cm":27557},"minecraft:dropped":{"minecraft:oak_log":11,"minecraft:raw_iron":1,"minecraft:oak_planks":20},"minecraft:mined":{"minecraft:furnace":2,"minecraft:iron_ore":2,"minecraft:sweet_berry_bush":2,"minecraft:dark_oak_log":12,"minecraft:birch_leaves":1,"minecraft:crafting_table":3,"minecraft:grass":4,"minecraft:grass_block":7,"minecraft:coal_ore":25,"minecraft:melon":2,"minecraft:dirt":3,"minecraft:stone":20,"minecraft:cake":4},"minecraft:crafted":{"minecraft:oak_boat":1,"minecraft:oak_planks":44,"minecraft:cooked_porkchop":6,"minecraft:crafting_table":2,"minecraft:stick":4,"minecraft:wooden_pickaxe":1,"minecraft:stone_pickaxe":1,"minecraft:furnace":1,"minecraft:dark_oak_planks":4,"minecraft:stone_axe":1,"minecraft:air":0},"minecraft:used":{"minecraft:stone_pickaxe":41,"minecraft:wooden_pickaxe":8,"minecraft:stone_axe":31,"minecraft:cobblestone":1,"minecraft:crafting_table":4,"minecraft:furnace":2,"minecraft:cooked_porkchop":4,"minecraft:oak_boat":1}},"DataVersion":3465}