{"stats":{"minecraft:picked_up":{"minecraft:stick":2,"minecraft:sweet_berries":2,"minecraft:oak_log":22,"minecraft:dark_oak_log":1,"minecraft:dirt":3,"minecraft:cobblestone":5},"minecraft:custom":{"minecraft:time_since_rest":7200,"minecraft:open_chest":1,"minecraft:crouch_one_cm":87,"minecraft:sprint_one_cm":10869,"minecraft:play_time":7200,"minecraft:damage_taken":195,"minecraft:walk_one_cm":16894,"minecraft:sneak_time":23,"minecraft:drop":2,"minecraft:jump":116,"minecraft:damage_dealt":132,"minecraft:leave_game":1,"minecraft:time_since_death":7200,"minecraft:total_world_time":7200,"minecraft:interact_with_crafting_table":2,"minecraft:fall_one_cm":6025,"minecraft:fly_one_cm":20020},"minecraft:dropped":{"minecraft:oak_planks":20,"minecraft:oak_log":11},"minecraft:crafted":{"minecraft:oak_planks":44,"minecraft:dark_oak_planks":4,"minecraft:crafting_table":2,"minecraft:wooden_pickaxe":1},"minecraft:mined":{"minecraft:grass_block":1,"minecraft:dirt":2,"minecraft:sweet_berry_bush":1,"minecraft:stone":7,"minecraft:dark_oak_log":1,"minecraft:birch_leaves":1},"minecraft:used":{"minecraft:crafting_table":1,"minecraft:wooden_pickaxe":7}},"DataVersion":3465}