{"stats":{"minecraft:picked_up":{"minecraft:dark_oak_planks":22,"minecraft:oak_log":11},"minecraft:custom":{"minecraft:time_since_rest":2326,"minecraft:damage_taken":436,"minecraft:leave_game":3,"minecraft:damage_dealt":195,"minecraft:crouch_one_cm":830,"minecraft:sprint_one_cm":21575,"minecraft:play_time":6511,"minecraft:walk_one_cm":16065,"minecraft:time_since_death":2297,"minecraft:deaths":1,"minecraft:sneak_time":182,"minecraft:total_world_time":6511,"minecraft:fly_one_cm":16020,"minecraft:fall_one_cm":4483,"minecraft:jump":104},"minecraft:mined":{"minecraft:dark_oak_leaves":3},"minecraft:crafted":{"minecraft:crafting_table":1},"minecraft:used":{"minecraft:oak_log":11},"minecraft:killed_by":{"minecraft:player":1}},"DataVersion":3465}