{"stats":{"minecraft:killed_by":{"minecraft:player":1},"minecraft:picked_up":{"minecraft:oak_log":11,"minecraft:dark_oak_planks":22},"minecraft:mined":{"minecraft:dark_oak_leaves":3},"minecraft:used":{"minecraft:oak_log":11},"minecraft:crafted":{"minecraft:crafting_table":1},"minecraft:custom":{"minecraft:jump":104,"minecraft:crouch_one_cm":830,"minecraft:time_since_rest":2143,"minecraft:deaths":1,"minecraft:damage_dealt":195,"minecraft:play_time":6328,"minecraft:leave_game":2,"minecraft:sprint_one_cm":21575,"minecraft:damage_taken":436,"minecraft:time_since_death":2114,"minecraft:walk_one_cm":16065,"minecraft:sneak_time":182,"minecraft:total_world_time":6328,"minecraft:fly_one_cm":16020,"minecraft:fall_one_cm":4483}},"DataVersion":3465}