{"stats":{"minecraft:killed":{"minecraft:pig":4,"minecraft:chicken":3,"minecraft:cow":4},"minecraft:picked_up":{"minecraft:coarse_dirt":1,"minecraft:crafting_table":3,"minecraft:feather":3,"minecraft:chicken":3,"minecraft:cooked_porkchop":3,"minecraft:leather":2,"minecraft:porkchop":7,"minecraft:spruce_log":1,"minecraft:dirt":8,"minecraft:stone_axe":1,"minecraft:beef":10,"minecraft:granite":1,"minecraft:oak_sapling":1,"minecraft:melon_slice":21,"minecraft:coal":32,"minecraft:oak_planks":31,"minecraft:cobblestone":50,"minecraft:furnace":1},"minecraft:custom":{"minecraft:time_since_rest":36000,"minecraft:interact_with_furnace":24,"minecraft:sprint_one_cm":141111,"minecraft:damage_taken":356,"minecraft:walk_one_cm":61082,"minecraft:mob_kills":11,"minecraft:drop":2,"minecraft:damage_dealt":920,"minecraft:swim_one_cm":80420,"minecraft:interact_with_crafting_table":7,"minecraft:fly_one_cm":88214,"minecraft:open_chest":4,"minecraft:crouch_one_cm":1577,"minecraft:play_time":36000,"minecraft:sneak_time":1242,"minecraft:walk_under_water_one_cm":22095,"minecraft:boat_one_cm":64845,"minecraft:jump":599,"minecraft:time_since_death":36000,"minecraft:walk_on_water_one_cm":18935,"minecraft:climb_one_cm":1936,"minecraft:total_world_time":36000,"minecraft:fall_one_cm":10946},"minecraft:dropped":{"minecraft:stone_axe":1,"minecraft:iron_nugget":16},"minecraft:mined":{"minecraft:coarse_dirt":1,"minecraft:furnace":1,"minecraft:spruce_log":1,"minecraft:birch_leaves":2,"minecraft:crafting_table":3,"minecraft:granite":1,"minecraft:grass":1,"minecraft:grass_block":3,"minecraft:coal_ore":35,"minecraft:melon":5,"minecraft:dirt":5,"minecraft:spruce_leaves":3,"minecraft:stone":54,"minecraft:oak_leaves":8},"minecraft:crafted":{"minecraft:cooked_beef":6,"minecraft:oak_boat":1,"minecraft:crafting_table":1,"minecraft:stick":8,"minecraft:spruce_planks":4,"minecraft:wooden_pickaxe":1,"minecraft:cooked_chicken":3,"minecraft:stone_pickaxe":1,"minecraft:furnace":1,"minecraft:stone_axe":1,"minecraft:air":0},"minecraft:used":{"minecraft:melon_slice":3,"minecraft:stone_pickaxe":86,"minecraft:wooden_pickaxe":9,"minecraft:cooked_chicken":3,"minecraft:stone_axe":36,"minecraft:cobblestone":27,"minecraft:crafting_table":3,"minecraft:furnace":2,"minecraft:cooked_porkchop":3,"minecraft:oak_boat":1,"minecraft:cooked_beef":1}},"DataVersion":3465}