{"stats":{"minecraft:killed":{"minecraft:chicken":3},"minecraft:picked_up":{"minecraft:coarse_dirt":1,"minecraft:crafting_table":2,"minecraft:feather":3,"minecraft:chicken":3,"minecraft:spruce_log":1,"minecraft:dirt":8,"minecraft:stone_axe":1,"minecraft:coal":3,"minecraft:oak_planks":31,"minecraft:cobblestone":34,"minecraft:furnace":1},"minecraft:custom":{"minecraft:time_since_rest":12000,"minecraft:interact_with_furnace":11,"minecraft:sprint_one_cm":56377,"minecraft:damage_taken":116,"minecraft:walk_one_cm":19797,"minecraft:mob_kills":3,"minecraft:drop":1,"minecraft:damage_dealt":120,"minecraft:swim_one_cm":13101,"minecraft:interact_with_crafting_table":5,"minecraft:fly_one_cm":40423,"minecraft:crouch_one_cm":416,"minecraft:play_time":12000,"minecraft:sneak_time":222,"minecraft:walk_under_water_one_cm":1713,"minecraft:jump":227,"minecraft:time_since_death":12000,"minecraft:walk_on_water_one_cm":3207,"minecraft:total_world_time":12000,"minecraft:fall_one_cm":4033},"minecraft:dropped":{"minecraft:stone_axe":1},"minecraft:crafted":{"minecraft:crafting_table":1,"minecraft:stick":8,"minecraft:spruce_planks":4,"minecraft:wooden_pickaxe":1,"minecraft:cooked_chicken":3,"minecraft:stone_pickaxe":1,"minecraft:furnace":1,"minecraft:stone_axe":1,"minecraft:air":0},"minecraft:mined":{"minecraft:coarse_dirt":1,"minecraft:furnace":1,"minecraft:spruce_log":1,"minecraft:birch_leaves":2,"minecraft:crafting_table":2,"minecraft:grass_block":3,"minecraft:coal_ore":3,"minecraft:dirt":5,"minecraft:spruce_leaves":3,"minecraft:stone":38,"minecraft:oak_leaves":5},"minecraft:used":{"minecraft:stone_pickaxe":37,"minecraft:wooden_pickaxe":9,"minecraft:cooked_chicken":3,"minecraft:stone_axe":13,"minecraft:cobblestone":13,"minecraft:crafting_table":2,"minecraft:furnace":1}},"DataVersion":3465}