{"stats":{"minecraft:killed":{"minecraft:spider":2,"minecraft:chicken":3,"minecraft:pig":6,"minecraft:sheep":7,"minecraft:zombie":4,"minecraft:cow":10},"minecraft:picked_up":{"minecraft:wooden_axe":1,"minecraft:cocoa_beans":3,"minecraft:coarse_dirt":1,"minecraft:crafting_table":6,"minecraft:chicken":3,"minecraft:enchanted_book":2,"minecraft:string":2,"minecraft:flint_and_steel":5,"minecraft:cobbled_deepslate":10,"minecraft:beef":22,"minecraft:oak_boat":2,"minecraft:poppy":8,"minecraft:iron_pickaxe":1,"minecraft:melon_slice":21,"minecraft:iron_boots":1,"minecraft:furnace":7,"minecraft:golden_helmet":1,"minecraft:stick":8,"minecraft:raw_iron":171,"minecraft:torch":48,"minecraft:fire_charge":2,"minecraft:porkchop":11,"minecraft:diorite":15,"minecraft:redstone":49,"minecraft:stone_sword":1,"minecraft:rotten_flesh":5,"minecraft:golden_hoe":1,"minecraft:hay_block":7,"minecraft:mutton":25,"minecraft:white_wool":8,"minecraft:cobblestone":90,"minecraft:feather":6,"minecraft:clock":2,"minecraft:cooked_beef":3,"minecraft:jungle_log":60,"minecraft:andesite":3,"minecraft:leather":11,"minecraft:smoker":1,"minecraft:oak_log":6,"minecraft:golden_boots":1,"minecraft:lapis_lazuli":70,"minecraft:dirt":15,"minecraft:apple":1,"minecraft:wheat_seeds":1,"minecraft:iron_ingot":4,"minecraft:oak_planks":31,"minecraft:cooked_porkchop":13,"minecraft:spruce_log":1,"minecraft:diamond":10,"minecraft:deepslate":1,"minecraft:stone_axe":2,"minecraft:writable_book":1,"minecraft:granite":7,"minecraft:oak_sapling":1,"minecraft:coal":91,"minecraft:ender_pearl":1},"minecraft:custom":{"minecraft:mob_kills":32,"minecraft:interact_with_crafting_table":24,"minecraft:time_since_death":90000,"minecraft:climb_one_cm":1936,"minecraft:sprint_one_cm":275444,"minecraft:walk_one_cm":147231,"minecraft:damage_blocked_by_shield":290,"minecraft:drop":69,"minecraft:talked_to_villager":1,"minecraft:play_time":90000,"minecraft:sneak_time":3687,"minecraft:walk_under_water_one_cm":30872,"minecraft:boat_one_cm":190213,"minecraft:jump":1728,"minecraft:walk_on_water_one_cm":27560,"minecraft:total_world_time":90000,"minecraft:interact_with_furnace":99,"minecraft:time_since_rest":90000,"minecraft:damage_taken":825,"minecraft:damage_dealt":3911,"minecraft:swim_one_cm":91031,"minecraft:fly_one_cm":277302,"minecraft:open_chest":19,"minecraft:crouch_one_cm":6361,"minecraft:interact_with_smoker":14,"minecraft:fall_one_cm":35440},"minecraft:dropped":{"minecraft:enchanted_book":1,"minecraft:golden_boots":1,"minecraft:iron_ingot":10,"minecraft:wheat_seeds":1,"minecraft:clock":4,"minecraft:lapis_lazuli":4,"minecraft:golden_helmet":1,"minecraft:cooked_beef":6,"minecraft:ender_pearl":1,"minecraft:diamond":2,"minecraft:cooked_porkchop":19,"minecraft:feather":6,"minecraft:cobblestone":15,"minecraft:apple":1,"minecraft:leather":11,"minecraft:granite":1,"minecraft:coal":11,"minecraft:dirt":8,"minecraft:torch":48,"minecraft:mutton":12,"minecraft:wooden_axe":1,"minecraft:melon_slice":5,"minecraft:fire_charge":2,"minecraft:iron_leggings":1,"minecraft:writable_book":1,"minecraft:golden_hoe":1,"minecraft:iron_pickaxe":1,"minecraft:furnace":1,"minecraft:stone_axe":4,"minecraft:iron_nugget":20,"minecraft:coarse_dirt":1,"minecraft:stone_sword":1,"minecraft:cocoa_beans":3,"minecraft:deepslate":1,"minecraft:raw_iron":64,"minecraft:flint_and_steel":6,"minecraft:poppy":8,"minecraft:hay_block":7,"minecraft:andesite":2,"minecraft:jungle_log":60,"minecraft:oak_sapling":1,"minecraft:wooden_pickaxe":1,"minecraft:stone_pickaxe":1},"minecraft:mined":{"minecraft:deepslate_diamond_ore":8,"minecraft:granite":7,"minecraft:grass_block":3,"minecraft:spruce_leaves":3,"minecraft:hay_block":7,"minecraft:furnace":7,"minecraft:iron_ore":48,"minecraft:andesite":3,"minecraft:deepslate_lapis_ore":2,"minecraft:deepslate_iron_ore":8,"minecraft:stone":95,"minecraft:cake":1,"minecraft:deepslate_redstone_ore":12,"minecraft:smoker":1,"minecraft:crafting_table":7,"minecraft:melon":5,"minecraft:tall_grass":6,"minecraft:lapis_ore":8,"minecraft:diorite":17,"minecraft:coarse_dirt":1,"minecraft:spruce_log":1,"minecraft:birch_leaves":2,"minecraft:grass":15,"minecraft:coal_ore":62,"minecraft:oak_log":6,"minecraft:dirt":7,"minecraft:oak_leaves":8,"minecraft:deepslate":10},"minecraft:crafted":{"minecraft:oak_planks":24,"minecraft:cooked_chicken":3,"minecraft:furnace":2,"minecraft:cooked_mutton":13,"minecraft:iron_axe":1,"minecraft:stone_pickaxe":1,"minecraft:cooked_beef":20,"minecraft:cooked_porkchop":9,"minecraft:crafting_table":1,"minecraft:spruce_planks":4,"minecraft:wooden_pickaxe":1,"minecraft:iron_helmet":1,"minecraft:bucket":1,"minecraft:stone_axe":2,"minecraft:air":0,"minecraft:oak_boat":1,"minecraft:iron_chestplate":1,"minecraft:shield":1,"minecraft:stick":12,"minecraft:iron_ingot":39,"minecraft:iron_pickaxe":1,"minecraft:iron_leggings":2},"minecraft:used":{"minecraft:shield":8,"minecraft:cooked_chicken":3,"minecraft:dirt":7,"minecraft:granite":6,"minecraft:iron_axe":8,"minecraft:furnace":8,"minecraft:cooked_beef":7,"minecraft:cobbled_deepslate":6,"minecraft:water_bucket":3,"minecraft:diorite":14,"minecraft:stone_pickaxe":95,"minecraft:wooden_pickaxe":9,"minecraft:crafting_table":6,"minecraft:smoker":1,"minecraft:melon_slice":16,"minecraft:iron_pickaxe":188,"minecraft:stone_axe":102,"minecraft:cobblestone":51,"minecraft:cooked_porkchop":3,"minecraft:bucket":4,"minecraft:oak_boat":2}},"DataVersion":3465}