{"stats":{"minecraft:killed":{"minecraft:pig":6,"minecraft:sheep":7,"minecraft:chicken":3,"minecraft:cow":10},"minecraft:picked_up":{"minecraft:crafting_table":3,"minecraft:coarse_dirt":1,"minecraft:feather":6,"minecraft:cooked_beef":3,"minecraft:chicken":3,"minecraft:leather":11,"minecraft:dirt":8,"minecraft:wheat_seeds":1,"minecraft:beef":22,"minecraft:oak_boat":2,"minecraft:poppy":2,"minecraft:melon_slice":21,"minecraft:oak_planks":31,"minecraft:iron_boots":1,"minecraft:furnace":2,"minecraft:raw_iron":7,"minecraft:cooked_porkchop":3,"minecraft:porkchop":11,"minecraft:spruce_log":1,"minecraft:stone_axe":1,"minecraft:hay_block":7,"minecraft:granite":1,"minecraft:oak_sapling":1,"minecraft:mutton":13,"minecraft:coal":39,"minecraft:white_wool":8,"minecraft:cobblestone":51},"minecraft:custom":{"minecraft:interact_with_furnace":45,"minecraft:mob_kills":26,"minecraft:interact_with_crafting_table":11,"minecraft:time_since_death":60000,"minecraft:climb_one_cm":1936,"minecraft:time_since_rest":60000,"minecraft:sprint_one_cm":221870,"minecraft:damage_taken":405,"minecraft:walk_one_cm":90776,"minecraft:drop":20,"minecraft:damage_dealt":2784,"minecraft:talked_to_villager":1,"minecraft:swim_one_cm":90906,"minecraft:fly_one_cm":225391,"minecraft:open_chest":8,"minecraft:crouch_one_cm":2837,"minecraft:play_time":60000,"minecraft:sneak_time":1763,"minecraft:walk_under_water_one_cm":29687,"minecraft:boat_one_cm":190213,"minecraft:jump":1270,"minecraft:walk_on_water_one_cm":23971,"minecraft:interact_with_smoker":6,"minecraft:total_world_time":60000,"minecraft:fall_one_cm":25998},"minecraft:dropped":{"minecraft:stone_axe":2,"minecraft:wheat_seeds":1,"minecraft:iron_nugget":16,"minecraft:cooked_beef":6,"minecraft:coarse_dirt":1,"minecraft:feather":6,"minecraft:cobblestone":2,"minecraft:granite":1,"minecraft:dirt":8,"minecraft:hay_block":7,"minecraft:oak_sapling":1,"minecraft:stone_pickaxe":1,"minecraft:wooden_pickaxe":1},"minecraft:mined":{"minecraft:crafting_table":4,"minecraft:granite":1,"minecraft:grass_block":3,"minecraft:melon":5,"minecraft:tall_grass":6,"minecraft:spruce_leaves":3,"minecraft:hay_block":7,"minecraft:coarse_dirt":1,"minecraft:furnace":2,"minecraft:iron_ore":7,"minecraft:spruce_log":1,"minecraft:birch_leaves":2,"minecraft:grass":14,"minecraft:coal_ore":35,"minecraft:dirt":5,"minecraft:stone":55,"minecraft:cake":1,"minecraft:oak_leaves":8},"minecraft:crafted":{"minecraft:cooked_beef":8,"minecraft:cooked_porkchop":6,"minecraft:crafting_table":1,"minecraft:spruce_planks":4,"minecraft:wooden_pickaxe":1,"minecraft:cooked_chicken":3,"minecraft:furnace":2,"minecraft:stone_axe":1,"minecraft:cooked_mutton":13,"minecraft:air":0,"minecraft:oak_boat":1,"minecraft:shield":1,"minecraft:stick":8,"minecraft:iron_ingot":11,"minecraft:iron_pickaxe":1,"minecraft:stone_pickaxe":1},"minecraft:used":{"minecraft:stone_pickaxe":95,"minecraft:wooden_pickaxe":9,"minecraft:cooked_chicken":3,"minecraft:crafting_table":4,"minecraft:smoker":1,"minecraft:melon_slice":16,"minecraft:stone_axe":83,"minecraft:cobblestone":27,"minecraft:furnace":4,"minecraft:cooked_porkchop":3,"minecraft:oak_boat":2,"minecraft:cooked_beef":1}},"DataVersion":3465}