{"stats":{"minecraft:killed":{"minecraft:spider":3,"minecraft:skeleton":3,"minecraft:chicken":3,"minecraft:pig":6,"minecraft:sheep":7,"minecraft:zombie":4,"minecraft:enderman":1,"minecraft:cow":10},"minecraft:picked_up":{"minecraft:wooden_axe":1,"minecraft:cocoa_beans":3,"minecraft:coarse_dirt":1,"minecraft:crafting_table":9,"minecraft:chicken":3,"minecraft:packed_ice":3,"minecraft:enchanted_book":2,"minecraft:string":3,"minecraft:iron_axe":1,"minecraft:flint_and_steel":5,"minecraft:cobbled_deepslate":101,"minecraft:beef":22,"minecraft:oak_boat":4,"minecraft:poppy":8,"minecraft:iron_pickaxe":1,"minecraft:melon_slice":21,"minecraft:iron_boots":1,"minecraft:furnace":8,"minecraft:golden_helmet":1,"minecraft:stick":8,"minecraft:raw_iron":172,"minecraft:torch":48,"minecraft:fire_charge":2,"minecraft:porkchop":11,"minecraft:diorite":43,"minecraft:carrot":23,"minecraft:redstone":58,"minecraft:stone_sword":1,"minecraft:arrow":3,"minecraft:rotten_flesh":5,"minecraft:golden_hoe":1,"minecraft:hay_block":7,"minecraft:obsidian":8,"minecraft:mutton":25,"minecraft:bone_block":4,"minecraft:white_wool":8,"minecraft:cobblestone":192,"minecraft:feather":6,"minecraft:clock":2,"minecraft:cooked_beef":3,"minecraft:jungle_log":60,"minecraft:andesite":5,"minecraft:leather":11,"minecraft:smoker":1,"minecraft:ice":3,"minecraft:oak_log":6,"minecraft:golden_boots":1,"minecraft:lapis_lazuli":108,"minecraft:dirt":16,"minecraft:bone":5,"minecraft:apple":1,"minecraft:bow":1,"minecraft:wheat_seeds":1,"minecraft:iron_ingot":4,"minecraft:oak_planks":31,"minecraft:smooth_basalt":4,"minecraft:cooked_porkchop":13,"minecraft:spruce_log":1,"minecraft:diamond":35,"minecraft:deepslate":1,"minecraft:stone_axe":2,"minecraft:writable_book":1,"minecraft:granite":26,"minecraft:golden_apple":48,"minecraft:oak_sapling":1,"minecraft:netherrack":6,"minecraft:coal":108,"minecraft:ender_pearl":1},"minecraft:custom":{"minecraft:mob_kills":38,"minecraft:interact_with_crafting_table":32,"minecraft:leave_game":1,"minecraft:time_since_death":1095,"minecraft:climb_one_cm":2376,"minecraft:sprint_one_cm":317857,"minecraft:walk_one_cm":193689,"minecraft:damage_blocked_by_shield":760,"minecraft:drop":90,"minecraft:talked_to_villager":1,"minecraft:play_time":119523,"minecraft:deaths":1,"minecraft:sneak_time":5898,"minecraft:walk_under_water_one_cm":33016,"minecraft:boat_one_cm":190213,"minecraft:jump":2270,"minecraft:walk_on_water_one_cm":31486,"minecraft:total_world_time":119523,"minecraft:interact_with_furnace":103,"minecraft:time_since_rest":1115,"minecraft:damage_taken":1366,"minecraft:damage_dealt":5141,"minecraft:swim_one_cm":98273,"minecraft:fly_one_cm":353356,"minecraft:open_chest":22,"minecraft:crouch_one_cm":8733,"minecraft:interact_with_smoker":14,"minecraft:fall_one_cm":52266},"minecraft:dropped":{"minecraft:enchanted_book":1,"minecraft:golden_boots":1,"minecraft:iron_ingot":10,"minecraft:wheat_seeds":1,"minecraft:clock":4,"minecraft:lapis_lazuli":4,"minecraft:golden_helmet":1,"minecraft:cooked_beef":6,"minecraft:ender_pearl":1,"minecraft:diamond":2,"minecraft:cooked_porkchop":19,"minecraft:iron_helmet":1,"minecraft:feather":6,"minecraft:cobblestone":79,"minecraft:apple":1,"minecraft:leather":11,"minecraft:granite":1,"minecraft:coal":11,"minecraft:golden_apple":48,"minecraft:dirt":8,"minecraft:packed_ice":3,"minecraft:ice":3,"minecraft:diorite":15,"minecraft:torch":48,"minecraft:mutton":12,"minecraft:wooden_axe":1,"minecraft:melon_slice":5,"minecraft:fire_charge":2,"minecraft:iron_leggings":2,"minecraft:writable_book":1,"minecraft:golden_hoe":1,"minecraft:iron_axe":1,"minecraft:glistering_melon_slice":12,"minecraft:iron_pickaxe":1,"minecraft:string":3,"minecraft:smooth_basalt":2,"minecraft:furnace":1,"minecraft:stone_axe":4,"minecraft:iron_nugget":20,"minecraft:cobbled_deepslate":67,"minecraft:coarse_dirt":1,"minecraft:stone_sword":1,"minecraft:cocoa_beans":3,"minecraft:deepslate":1,"minecraft:raw_iron":64,"minecraft:rotten_flesh":5,"minecraft:iron_boots":1,"minecraft:flint_and_steel":6,"minecraft:poppy":8,"minecraft:hay_block":7,"minecraft:iron_chestplate":1,"minecraft:andesite":3,"minecraft:jungle_log":60,"minecraft:oak_sapling":1,"minecraft:arrow":3,"minecraft:bow":1,"minecraft:wooden_pickaxe":1,"minecraft:stone_pickaxe":1},"minecraft:broken":{"minecraft:iron_pickaxe":1},"minecraft:crafted":{"minecraft:oak_planks":24,"minecraft:cooked_chicken":3,"minecraft:furnace":2,"minecraft:cooked_mutton":13,"minecraft:diamond_helmet":1,"minecraft:diamond_leggings":1,"minecraft:iron_axe":1,"minecraft:stone_pickaxe":1,"minecraft:diamond_boots":1,"minecraft:cooked_beef":20,"minecraft:diamond_sword":1,"minecraft:cooked_porkchop":9,"minecraft:diamond_axe":1,"minecraft:crafting_table":1,"minecraft:spruce_planks":4,"minecraft:wooden_pickaxe":1,"minecraft:iron_helmet":1,"minecraft:iron_sword":1,"minecraft:bucket":1,"minecraft:stone_axe":2,"minecraft:air":0,"minecraft:oak_boat":1,"minecraft:iron_chestplate":1,"minecraft:diamond_pickaxe":1,"minecraft:shield":1,"minecraft:stick":12,"minecraft:iron_ingot":42,"minecraft:iron_pickaxe":1,"minecraft:iron_leggings":2,"minecraft:diamond_chestplate":1},"minecraft:mined":{"minecraft:diamond_ore":2,"minecraft:deepslate_diamond_ore":31,"minecraft:obsidian":7,"minecraft:granite":26,"minecraft:grass_block":4,"minecraft:spruce_leaves":3,"minecraft:hay_block":7,"minecraft:redstone_ore":2,"minecraft:carrots":6,"minecraft:furnace":8,"minecraft:iron_ore":48,"minecraft:andesite":14,"minecraft:deepslate_lapis_ore":2,"minecraft:deepslate_iron_ore":9,"minecraft:stone":228,"minecraft:bone_block":6,"minecraft:cake":1,"minecraft:deepslate_redstone_ore":12,"minecraft:smoker":1,"minecraft:crafting_table":10,"minecraft:melon":5,"minecraft:tall_grass":6,"minecraft:lapis_ore":14,"minecraft:diorite":38,"minecraft:coarse_dirt":1,"minecraft:spruce_log":1,"minecraft:birch_leaves":2,"minecraft:grass":20,"minecraft:coal_ore":80,"minecraft:oak_log":6,"minecraft:gravel":2,"minecraft:dirt":7,"minecraft:smooth_basalt":9,"minecraft:netherrack":6,"minecraft:oak_leaves":8,"minecraft:deepslate":100},"minecraft:used":{"minecraft:flint_and_steel":1,"minecraft:shield":22,"minecraft:iron_sword":25,"minecraft:cooked_chicken":3,"minecraft:netherrack":3,"minecraft:dirt":7,"minecraft:carrot":6,"minecraft:granite":7,"minecraft:obsidian":8,"minecraft:lava_bucket":1,"minecraft:iron_axe":10,"minecraft:smooth_basalt":2,"minecraft:furnace":8,"minecraft:cooked_beef":8,"minecraft:cobbled_deepslate":25,"minecraft:cooked_mutton":5,"minecraft:water_bucket":8,"minecraft:diorite":22,"minecraft:stone_pickaxe":95,"minecraft:wooden_pickaxe":9,"minecraft:diamond_axe":1,"minecraft:crafting_table":9,"minecraft:smoker":1,"minecraft:diamond_pickaxe":203,"minecraft:melon_slice":16,"minecraft:iron_pickaxe":342,"minecraft:stone_axe":102,"minecraft:cobblestone":51,"minecraft:cooked_porkchop":3,"minecraft:andesite":2,"minecraft:bucket":10,"minecraft:oak_boat":4}},"DataVersion":3465}