{"stats":{"minecraft:killed":{"minecraft:sheep":2,"minecraft:pig":6,"minecraft:chicken":3,"minecraft:cow":6},"minecraft:picked_up":{"minecraft:raw_iron":7,"minecraft:cooked_beef":3,"minecraft:coarse_dirt":1,"minecraft:crafting_table":3,"minecraft:feather":3,"minecraft:chicken":3,"minecraft:cooked_porkchop":3,"minecraft:leather":6,"minecraft:porkchop":11,"minecraft:spruce_log":1,"minecraft:dirt":8,"minecraft:stone_axe":1,"minecraft:beef":16,"minecraft:granite":1,"minecraft:oak_boat":1,"minecraft:mutton":6,"minecraft:oak_sapling":1,"minecraft:melon_slice":21,"minecraft:coal":39,"minecraft:oak_planks":31,"minecraft:white_wool":3,"minecraft:cobblestone":51,"minecraft:furnace":2},"minecraft:custom":{"minecraft:time_since_rest":48000,"minecraft:interact_with_furnace":29,"minecraft:sprint_one_cm":178155,"minecraft:damage_taken":396,"minecraft:walk_one_cm":74866,"minecraft:mob_kills":17,"minecraft:drop":13,"minecraft:damage_dealt":1495,"minecraft:swim_one_cm":90868,"minecraft:interact_with_crafting_table":7,"minecraft:fly_one_cm":141746,"minecraft:open_chest":6,"minecraft:crouch_one_cm":2603,"minecraft:play_time":48000,"minecraft:sneak_time":1632,"minecraft:walk_under_water_one_cm":28417,"minecraft:boat_one_cm":129420,"minecraft:jump":944,"minecraft:time_since_death":48000,"minecraft:walk_on_water_one_cm":21640,"minecraft:climb_one_cm":1936,"minecraft:total_world_time":48000,"minecraft:fall_one_cm":20448},"minecraft:dropped":{"minecraft:stone_axe":1,"minecraft:iron_nugget":16,"minecraft:coarse_dirt":1,"minecraft:cooked_beef":6,"minecraft:oak_sapling":1,"minecraft:granite":1,"minecraft:wooden_pickaxe":1,"minecraft:dirt":8},"minecraft:mined":{"minecraft:coarse_dirt":1,"minecraft:furnace":2,"minecraft:iron_ore":7,"minecraft:spruce_log":1,"minecraft:birch_leaves":2,"minecraft:crafting_table":4,"minecraft:granite":1,"minecraft:grass":6,"minecraft:grass_block":3,"minecraft:coal_ore":35,"minecraft:melon":5,"minecraft:dirt":5,"minecraft:spruce_leaves":3,"minecraft:stone":55,"minecraft:cake":1,"minecraft:oak_leaves":8},"minecraft:crafted":{"minecraft:cooked_beef":8,"minecraft:oak_boat":1,"minecraft:crafting_table":1,"minecraft:stick":8,"minecraft:spruce_planks":4,"minecraft:wooden_pickaxe":1,"minecraft:cooked_chicken":3,"minecraft:stone_pickaxe":1,"minecraft:furnace":1,"minecraft:stone_axe":1,"minecraft:air":0},"minecraft:used":{"minecraft:melon_slice":10,"minecraft:stone_pickaxe":95,"minecraft:wooden_pickaxe":9,"minecraft:cooked_chicken":3,"minecraft:stone_axe":54,"minecraft:cobblestone":27,"minecraft:crafting_table":3,"minecraft:furnace":2,"minecraft:cooked_porkchop":3,"minecraft:oak_boat":2,"minecraft:cooked_beef":1}},"DataVersion":3465}