{"stats":{"minecraft:killed":{"minecraft:pig":6,"minecraft:sheep":7,"minecraft:chicken":3,"minecraft:cow":10},"minecraft:picked_up":{"minecraft:cocoa_beans":3,"minecraft:crafting_table":4,"minecraft:coarse_dirt":1,"minecraft:feather":6,"minecraft:cooked_beef":3,"minecraft:chicken":3,"minecraft:jungle_log":40,"minecraft:leather":11,"minecraft:smoker":1,"minecraft:enchanted_book":2,"minecraft:oak_log":6,"minecraft:golden_boots":1,"minecraft:dirt":15,"minecraft:flint_and_steel":5,"minecraft:apple":1,"minecraft:wheat_seeds":1,"minecraft:beef":22,"minecraft:oak_boat":2,"minecraft:poppy":6,"minecraft:iron_pickaxe":1,"minecraft:melon_slice":21,"minecraft:oak_planks":31,"minecraft:iron_boots":1,"minecraft:furnace":4,"minecraft:stick":8,"minecraft:golden_helmet":1,"minecraft:raw_iron":7,"minecraft:cooked_porkchop":13,"minecraft:torch":48,"minecraft:fire_charge":2,"minecraft:porkchop":11,"minecraft:spruce_log":1,"minecraft:stone_sword":1,"minecraft:golden_hoe":1,"minecraft:stone_axe":2,"minecraft:writable_book":1,"minecraft:hay_block":7,"minecraft:granite":1,"minecraft:oak_sapling":1,"minecraft:mutton":25,"minecraft:coal":39,"minecraft:white_wool":8,"minecraft:cobblestone":59},"minecraft:custom":{"minecraft:interact_with_furnace":73,"minecraft:mob_kills":26,"minecraft:interact_with_crafting_table":18,"minecraft:time_since_death":72000,"minecraft:climb_one_cm":1936,"minecraft:time_since_rest":72000,"minecraft:damage_blocked_by_shield":150,"minecraft:sprint_one_cm":242392,"minecraft:damage_taken":652,"minecraft:walk_one_cm":109916,"minecraft:drop":39,"minecraft:damage_dealt":2874,"minecraft:talked_to_villager":1,"minecraft:swim_one_cm":90906,"minecraft:fly_one_cm":241706,"minecraft:open_chest":19,"minecraft:crouch_one_cm":3160,"minecraft:play_time":72000,"minecraft:sneak_time":2115,"minecraft:walk_under_water_one_cm":29687,"minecraft:boat_one_cm":190213,"minecraft:jump":1382,"minecraft:walk_on_water_one_cm":23971,"minecraft:interact_with_smoker":14,"minecraft:total_world_time":72000,"minecraft:fall_one_cm":29713},"minecraft:dropped":{"minecraft:enchanted_book":1,"minecraft:golden_boots":1,"minecraft:stone_axe":2,"minecraft:wheat_seeds":1,"minecraft:clock":2,"minecraft:golden_helmet":1,"minecraft:iron_nugget":16,"minecraft:cooked_beef":6,"minecraft:coarse_dirt":1,"minecraft:cocoa_beans":3,"minecraft:cooked_porkchop":9,"minecraft:feather":6,"minecraft:cobblestone":2,"minecraft:granite":1,"minecraft:flint_and_steel":3,"minecraft:poppy":4,"minecraft:dirt":8,"minecraft:hay_block":7,"minecraft:mutton":12,"minecraft:jungle_log":20,"minecraft:melon_slice":5,"minecraft:oak_sapling":1,"minecraft:fire_charge":2,"minecraft:iron_leggings":1,"minecraft:golden_hoe":1,"minecraft:stone_pickaxe":1,"minecraft:wooden_pickaxe":1,"minecraft:iron_pickaxe":1},"minecraft:mined":{"minecraft:smoker":1,"minecraft:crafting_table":5,"minecraft:granite":1,"minecraft:grass_block":3,"minecraft:melon":5,"minecraft:tall_grass":6,"minecraft:spruce_leaves":3,"minecraft:hay_block":7,"minecraft:coarse_dirt":1,"minecraft:furnace":4,"minecraft:iron_ore":7,"minecraft:spruce_log":1,"minecraft:birch_leaves":2,"minecraft:grass":15,"minecraft:oak_log":6,"minecraft:coal_ore":35,"minecraft:dirt":7,"minecraft:stone":66,"minecraft:cake":1,"minecraft:oak_leaves":8},"minecraft:crafted":{"minecraft:cooked_beef":20,"minecraft:oak_planks":24,"minecraft:cooked_porkchop":9,"minecraft:crafting_table":1,"minecraft:spruce_planks":4,"minecraft:iron_helmet":1,"minecraft:wooden_pickaxe":1,"minecraft:cooked_chicken":3,"minecraft:furnace":2,"minecraft:stone_axe":2,"minecraft:cooked_mutton":13,"minecraft:air":0,"minecraft:oak_boat":1,"minecraft:shield":1,"minecraft:stick":12,"minecraft:iron_ingot":21,"minecraft:iron_pickaxe":1,"minecraft:stone_pickaxe":1,"minecraft:iron_leggings":2},"minecraft:used":{"minecraft:stone_pickaxe":95,"minecraft:shield":2,"minecraft:wooden_pickaxe":9,"minecraft:cooked_chicken":3,"minecraft:crafting_table":4,"minecraft:smoker":1,"minecraft:melon_slice":16,"minecraft:iron_pickaxe":14,"minecraft:stone_axe":86,"minecraft:cobblestone":37,"minecraft:furnace":4,"minecraft:cooked_porkchop":3,"minecraft:oak_boat":2,"minecraft:cooked_beef":3}},"DataVersion":3465}