{"stats":{"minecraft:killed":{"minecraft:pig":1,"minecraft:chicken":3,"minecraft:cow":4},"minecraft:picked_up":{"minecraft:coarse_dirt":1,"minecraft:crafting_table":2,"minecraft:feather":3,"minecraft:chicken":3,"minecraft:cooked_porkchop":3,"minecraft:leather":2,"minecraft:porkchop":3,"minecraft:spruce_log":1,"minecraft:dirt":8,"minecraft:stone_axe":1,"minecraft:beef":10,"minecraft:granite":1,"minecraft:oak_sapling":1,"minecraft:melon_slice":3,"minecraft:coal":32,"minecraft:oak_planks":31,"minecraft:cobblestone":50,"minecraft:furnace":1},"minecraft:custom":{"minecraft:time_since_rest":24000,"minecraft:interact_with_furnace":11,"minecraft:sprint_one_cm":125129,"minecraft:damage_taken":176,"minecraft:walk_one_cm":51241,"minecraft:mob_kills":8,"minecraft:drop":1,"minecraft:damage_dealt":710,"minecraft:swim_one_cm":19002,"minecraft:interact_with_crafting_table":5,"minecraft:fly_one_cm":82756,"minecraft:crouch_one_cm":1369,"minecraft:play_time":24000,"minecraft:sneak_time":857,"minecraft:walk_under_water_one_cm":5023,"minecraft:jump":531,"minecraft:time_since_death":24000,"minecraft:walk_on_water_one_cm":6396,"minecraft:climb_one_cm":1275,"minecraft:total_world_time":24000,"minecraft:fall_one_cm":10168},"minecraft:dropped":{"minecraft:stone_axe":1},"minecraft:crafted":{"minecraft:crafting_table":1,"minecraft:stick":8,"minecraft:spruce_planks":4,"minecraft:wooden_pickaxe":1,"minecraft:cooked_chicken":3,"minecraft:stone_pickaxe":1,"minecraft:furnace":1,"minecraft:stone_axe":1,"minecraft:air":0},"minecraft:mined":{"minecraft:coarse_dirt":1,"minecraft:furnace":1,"minecraft:spruce_log":1,"minecraft:birch_leaves":2,"minecraft:crafting_table":2,"minecraft:granite":1,"minecraft:grass":1,"minecraft:grass_block":3,"minecraft:coal_ore":35,"minecraft:melon":1,"minecraft:dirt":5,"minecraft:spruce_leaves":3,"minecraft:stone":54,"minecraft:oak_leaves":8},"minecraft:used":{"minecraft:stone_pickaxe":86,"minecraft:wooden_pickaxe":9,"minecraft:cooked_chicken":3,"minecraft:stone_axe":26,"minecraft:cobblestone":24,"minecraft:crafting_table":2,"minecraft:furnace":1,"minecraft:cooked_porkchop":2}},"DataVersion":3465}