{"stats":{"minecraft:killed":{"minecraft:pig":10,"minecraft:iron_golem":1,"minecraft:sheep":5,"minecraft:chicken":3,"minecraft:cow":3},"minecraft:picked_up":{"minecraft:cocoa_beans":6,"minecraft:crafting_table":3,"minecraft:clock":2,"minecraft:feather":5,"minecraft:cooked_beef":3,"minecraft:chicken":2,"minecraft:jungle_log":47,"minecraft:leather":13,"minecraft:smoker":1,"minecraft:enchanted_book":1,"minecraft:gold_block":2,"minecraft:oak_log":38,"minecraft:shield":1,"minecraft:lapis_lazuli":4,"minecraft:dirt":44,"minecraft:flint_and_steel":3,"minecraft:iron_leggings":1,"minecraft:apple":2,"minecraft:wheat_seeds":2,"minecraft:stone_pickaxe":1,"minecraft:iron_ingot":7,"minecraft:beef":6,"minecraft:iron_nugget":20,"minecraft:poppy":4,"minecraft:iron_pickaxe":1,"minecraft:chest":1,"minecraft:oak_planks":2,"minecraft:iron_boots":2,"minecraft:furnace":4,"minecraft:raw_iron":25,"minecraft:cooked_porkchop":19,"minecraft:oak_door":1,"minecraft:torch":48,"minecraft:dandelion":1,"minecraft:porkchop":34,"minecraft:diorite":14,"minecraft:dark_oak_log":12,"minecraft:stone_sword":1,"minecraft:sugar":2,"minecraft:diamond":1,"minecraft:tropical_fish":1,"minecraft:stone_axe":2,"minecraft:writable_book":3,"minecraft:hay_block":7,"minecraft:emerald":1,"minecraft:oak_sapling":1,"minecraft:black_wool":1,"minecraft:glow_berries":2,"minecraft:mutton":12,"minecraft:coal":10,"minecraft:white_wool":3,"minecraft:cobblestone":145},"minecraft:custom":{"minecraft:interact_with_furnace":41,"minecraft:mob_kills":23,"minecraft:interact_with_crafting_table":33,"minecraft:eat_cake_slice":8,"minecraft:leave_game":1,"minecraft:time_since_death":5446,"minecraft:climb_one_cm":2948,"minecraft:time_since_rest":5479,"minecraft:sprint_one_cm":206033,"minecraft:damage_taken":1326,"minecraft:walk_one_cm":138696,"minecraft:drop":8,"minecraft:damage_dealt":2727,"minecraft:talked_to_villager":2,"minecraft:swim_one_cm":50467,"minecraft:fly_one_cm":239863,"minecraft:open_chest":28,"minecraft:crouch_one_cm":9034,"minecraft:play_time":78413,"minecraft:deaths":3,"minecraft:sneak_time":3604,"minecraft:walk_under_water_one_cm":36882,"minecraft:boat_one_cm":303852,"minecraft:jump":1822,"minecraft:walk_on_water_one_cm":10819,"minecraft:interact_with_smoker":10,"minecraft:total_world_time":78413,"minecraft:fall_one_cm":46725},"minecraft:dropped":{"minecraft:enchanted_book":2,"minecraft:cooked_porkchop":3,"minecraft:cobblestone":20,"minecraft:iron_boots":2,"minecraft:leather":1,"minecraft:writable_book":1},"minecraft:mined":{"minecraft:dark_oak_leaves":3,"minecraft:oak_door":1,"minecraft:smoker":1,"minecraft:jungle_leaves":1,"minecraft:dark_oak_log":8,"minecraft:dandelion":1,"minecraft:crafting_table":3,"minecraft:glow_lichen":1,"minecraft:grass_block":14,"minecraft:chest":1,"minecraft:jungle_log":27,"minecraft:tall_grass":5,"minecraft:cobblestone":3,"minecraft:oak_planks":2,"minecraft:diorite":16,"minecraft:furnace":4,"minecraft:iron_ore":26,"minecraft:gold_block":2,"minecraft:grass":9,"minecraft:oak_log":20,"minecraft:coal_ore":10,"minecraft:dirt_path":3,"minecraft:vine":2,"minecraft:dirt":13,"minecraft:oak_leaves":7,"minecraft:stone":115,"minecraft:cake":2},"minecraft:crafted":{"minecraft:cooked_beef":2,"minecraft:oak_door":3,"minecraft:oak_planks":60,"minecraft:cooked_porkchop":9,"minecraft:crafting_table":3,"minecraft:jungle_boat":1,"minecraft:wooden_pickaxe":1,"minecraft:iron_helmet":1,"minecraft:furnace":4,"minecraft:stone_axe":1,"minecraft:bread":21,"minecraft:air":0,"minecraft:jungle_planks":28,"minecraft:oak_boat":1,"minecraft:iron_boots":2,"minecraft:shield":1,"minecraft:stick":44,"minecraft:iron_ingot":14,"minecraft:iron_pickaxe":1,"minecraft:stone_pickaxe":2,"minecraft:stone_sword":1,"minecraft:gold_ingot":18,"minecraft:dark_oak_planks":32,"minecraft:torch":48,"minecraft:wheat":63,"minecraft:smoker":1},"minecraft:used":{"minecraft:writable_book":1,"minecraft:stone_sword":46,"minecraft:stone_pickaxe":94,"minecraft:oak_planks":7,"minecraft:chest":1,"minecraft:wooden_pickaxe":8,"minecraft:jungle_boat":1,"minecraft:oak_door":2,"minecraft:torch":5,"minecraft:dirt":22,"minecraft:crafting_table":5,"minecraft:smoker":1,"minecraft:oak_log":4,"minecraft:iron_pickaxe":81,"minecraft:jungle_log":1,"minecraft:iron_helmet":1,"minecraft:stone_axe":67,"minecraft:cobblestone":39,"minecraft:oak_sapling":1,"minecraft:furnace":4,"minecraft:cooked_porkchop":5,"minecraft:oak_boat":1,"minecraft:iron_leggings":1,"minecraft:cooked_beef":5},"minecraft:killed_by":{"minecraft:zombie":1}},"DataVersion":3465}