{"stats":{"minecraft:killed":{"minecraft:pig":4},"minecraft:picked_up":{"minecraft:crafting_table":3,"minecraft:cooked_beef":3,"minecraft:jungle_log":10,"minecraft:smoker":1,"minecraft:gold_block":2,"minecraft:oak_log":23,"minecraft:dirt":22,"minecraft:iron_nugget":16,"minecraft:chest":1,"minecraft:furnace":3,"minecraft:raw_iron":2,"minecraft:oak_door":1,"minecraft:porkchop":8,"minecraft:dark_oak_log":12,"minecraft:tropical_fish":1,"minecraft:writable_book":2,"minecraft:oak_sapling":1,"minecraft:glow_berries":2,"minecraft:coal":10,"minecraft:cobblestone":85},"minecraft:custom":{"minecraft:interact_with_furnace":14,"minecraft:mob_kills":4,"minecraft:interact_with_crafting_table":21,"minecraft:leave_game":1,"minecraft:time_since_death":30966,"minecraft:climb_one_cm":2785,"minecraft:time_since_rest":31001,"minecraft:sprint_one_cm":87959,"minecraft:damage_taken":826,"minecraft:walk_one_cm":74892,"minecraft:drop":2,"minecraft:damage_dealt":701,"minecraft:swim_one_cm":42032,"minecraft:fly_one_cm":70058,"minecraft:open_chest":19,"minecraft:crouch_one_cm":4429,"minecraft:play_time":42413,"minecraft:deaths":2,"minecraft:sneak_time":1585,"minecraft:walk_under_water_one_cm":32706,"minecraft:boat_one_cm":247090,"minecraft:jump":924,"minecraft:walk_on_water_one_cm":8806,"minecraft:total_world_time":42413,"minecraft:interact_with_smoker":7,"minecraft:fall_one_cm":15686},"minecraft:dropped":{"minecraft:cooked_porkchop":3,"minecraft:writable_book":1},"minecraft:mined":{"minecraft:dark_oak_leaves":3,"minecraft:oak_door":1,"minecraft:smoker":1,"minecraft:dark_oak_log":8,"minecraft:crafting_table":3,"minecraft:grass_block":1,"minecraft:chest":1,"minecraft:jungle_log":10,"minecraft:furnace":3,"minecraft:iron_ore":2,"minecraft:gold_block":2,"minecraft:grass":1,"minecraft:oak_log":12,"minecraft:coal_ore":10,"minecraft:dirt":4,"minecraft:stone":81,"minecraft:cake":2},"minecraft:crafted":{"minecraft:cooked_beef":2,"minecraft:oak_door":3,"minecraft:oak_planks":60,"minecraft:cooked_porkchop":7,"minecraft:crafting_table":2,"minecraft:jungle_boat":1,"minecraft:wooden_pickaxe":1,"minecraft:furnace":3,"minecraft:stone_axe":1,"minecraft:air":0,"minecraft:jungle_planks":8,"minecraft:oak_boat":1,"minecraft:stick":24,"minecraft:iron_ingot":3,"minecraft:iron_pickaxe":1,"minecraft:stone_pickaxe":2,"minecraft:stone_sword":1,"minecraft:gold_ingot":18,"minecraft:dark_oak_planks":32,"minecraft:smoker":1},"minecraft:used":{"minecraft:writable_book":1,"minecraft:stone_pickaxe":94,"minecraft:wooden_pickaxe":8,"minecraft:jungle_boat":1,"minecraft:oak_door":2,"minecraft:dirt":7,"minecraft:crafting_table":4,"minecraft:smoker":1,"minecraft:iron_pickaxe":2,"minecraft:jungle_log":1,"minecraft:stone_axe":28,"minecraft:cobblestone":30,"minecraft:furnace":3,"minecraft:cooked_porkchop":4,"minecraft:oak_boat":1,"minecraft:cooked_beef":2},"minecraft:killed_by":{"minecraft:zombie":1}},"DataVersion":3465}