{"stats":{"minecraft:killed":{"minecraft:pig":10,"minecraft:iron_golem":1,"minecraft:sheep":5,"minecraft:zombie":2,"minecraft:chicken":3,"minecraft:cow":3},"minecraft:picked_up":{"minecraft:wooden_axe":1,"minecraft:cocoa_beans":6,"minecraft:crafting_table":4,"minecraft:clock":2,"minecraft:feather":5,"minecraft:cooked_beef":3,"minecraft:chicken":2,"minecraft:andesite":2,"minecraft:jungle_log":47,"minecraft:leather":13,"minecraft:smoker":1,"minecraft:enchanted_book":1,"minecraft:gold_block":2,"minecraft:oak_log":38,"minecraft:shield":1,"minecraft:lapis_lazuli":4,"minecraft:dirt":44,"minecraft:flint_and_steel":3,"minecraft:iron_leggings":1,"minecraft:apple":2,"minecraft:wheat_seeds":2,"minecraft:cobbled_deepslate":11,"minecraft:stone_pickaxe":1,"minecraft:iron_ingot":15,"minecraft:beef":6,"minecraft:iron_nugget":20,"minecraft:poppy":4,"minecraft:iron_pickaxe":1,"minecraft:chest":1,"minecraft:oak_planks":2,"minecraft:iron_boots":2,"minecraft:furnace":5,"minecraft:raw_iron":75,"minecraft:cooked_porkchop":19,"minecraft:oak_door":1,"minecraft:torch":48,"minecraft:dandelion":1,"minecraft:porkchop":34,"minecraft:diorite":14,"minecraft:redstone":5,"minecraft:dark_oak_log":12,"minecraft:rotten_flesh":4,"minecraft:stone_sword":1,"minecraft:sugar":2,"minecraft:deepslate":1,"minecraft:diamond":7,"minecraft:tropical_fish":1,"minecraft:stone_axe":3,"minecraft:writable_book":3,"minecraft:hay_block":7,"minecraft:emerald":1,"minecraft:oak_sapling":1,"minecraft:black_wool":1,"minecraft:glow_berries":2,"minecraft:mutton":12,"minecraft:coal":21,"minecraft:white_wool":3,"minecraft:cobblestone":164},"minecraft:custom":{"minecraft:interact_with_furnace":50,"minecraft:mob_kills":25,"minecraft:interact_with_crafting_table":37,"minecraft:eat_cake_slice":8,"minecraft:leave_game":1,"minecraft:time_since_death":17446,"minecraft:climb_one_cm":2948,"minecraft:time_since_rest":17479,"minecraft:sprint_one_cm":241269,"minecraft:damage_blocked_by_shield":50,"minecraft:damage_taken":1384,"minecraft:walk_one_cm":159877,"minecraft:drop":8,"minecraft:damage_dealt":3031,"minecraft:talked_to_villager":2,"minecraft:swim_one_cm":50676,"minecraft:fly_one_cm":282802,"minecraft:open_chest":28,"minecraft:crouch_one_cm":12131,"minecraft:play_time":90413,"minecraft:deaths":3,"minecraft:sneak_time":4861,"minecraft:walk_under_water_one_cm":37760,"minecraft:boat_one_cm":303852,"minecraft:jump":2117,"minecraft:walk_on_water_one_cm":12185,"minecraft:interact_with_smoker":10,"minecraft:total_world_time":90413,"minecraft:fall_one_cm":54255},"minecraft:dropped":{"minecraft:enchanted_book":2,"minecraft:cooked_porkchop":3,"minecraft:cobblestone":20,"minecraft:iron_boots":2,"minecraft:leather":1,"minecraft:writable_book":1},"minecraft:mined":{"minecraft:dark_oak_leaves":3,"minecraft:deepslate_diamond_ore":6,"minecraft:oak_door":1,"minecraft:smoker":1,"minecraft:jungle_leaves":1,"minecraft:dark_oak_log":8,"minecraft:dandelion":1,"minecraft:crafting_table":4,"minecraft:glow_lichen":1,"minecraft:grass_block":14,"minecraft:chest":1,"minecraft:jungle_log":27,"minecraft:tall_grass":5,"minecraft:cobblestone":3,"minecraft:oak_planks":2,"minecraft:diorite":16,"minecraft:furnace":4,"minecraft:iron_ore":67,"minecraft:gold_block":2,"minecraft:deepslate_iron_ore":9,"minecraft:grass":9,"minecraft:oak_log":20,"minecraft:coal_ore":10,"minecraft:dirt_path":3,"minecraft:vine":2,"minecraft:dirt":13,"minecraft:deepslate":11,"minecraft:oak_leaves":7,"minecraft:stone":124,"minecraft:cake":2},"minecraft:crafted":{"minecraft:cooked_beef":2,"minecraft:oak_door":3,"minecraft:oak_planks":64,"minecraft:cooked_porkchop":9,"minecraft:crafting_table":4,"minecraft:jungle_boat":1,"minecraft:wooden_pickaxe":1,"minecraft:iron_helmet":1,"minecraft:furnace":4,"minecraft:bucket":1,"minecraft:stone_axe":1,"minecraft:bread":21,"minecraft:air":0,"minecraft:jungle_planks":28,"minecraft:oak_boat":1,"minecraft:iron_chestplate":1,"minecraft:iron_boots":2,"minecraft:shield":1,"minecraft:stick":44,"minecraft:iron_ingot":20,"minecraft:iron_pickaxe":1,"minecraft:stone_pickaxe":2,"minecraft:iron_leggings":1,"minecraft:stone_sword":1,"minecraft:gold_ingot":18,"minecraft:dark_oak_planks":32,"minecraft:torch":48,"minecraft:wheat":63,"minecraft:smoker":1},"minecraft:used":{"minecraft:water_bucket":1,"minecraft:diorite":14,"minecraft:writable_book":1,"minecraft:stone_sword":53,"minecraft:stone_pickaxe":94,"minecraft:oak_planks":7,"minecraft:shield":2,"minecraft:chest":1,"minecraft:wooden_pickaxe":8,"minecraft:iron_chestplate":1,"minecraft:jungle_boat":1,"minecraft:oak_door":2,"minecraft:torch":32,"minecraft:dirt":26,"minecraft:crafting_table":7,"minecraft:smoker":1,"minecraft:oak_log":4,"minecraft:iron_pickaxe":157,"minecraft:jungle_log":1,"minecraft:iron_helmet":1,"minecraft:stone_axe":68,"minecraft:cobblestone":43,"minecraft:oak_sapling":1,"minecraft:furnace":5,"minecraft:cooked_porkchop":8,"minecraft:bucket":2,"minecraft:oak_boat":1,"minecraft:iron_leggings":1,"minecraft:cooked_beef":5},"minecraft:killed_by":{"minecraft:zombie":1}},"DataVersion":3465}