{"stats":{"minecraft:picked_up":{"minecraft:oak_log":11,"minecraft:dark_oak_log":9,"minecraft:dirt":15},"minecraft:custom":{"minecraft:jump":147,"minecraft:open_chest":1,"minecraft:time_since_rest":1525,"minecraft:deaths":1,"minecraft:damage_dealt":321,"minecraft:crouch_one_cm":156,"minecraft:sprint_one_cm":19487,"minecraft:play_time":6000,"minecraft:damage_taken":405,"minecraft:time_since_death":1496,"minecraft:walk_one_cm":18279,"minecraft:sneak_time":75,"minecraft:total_world_time":6000,"minecraft:fall_one_cm":4547,"minecraft:fly_one_cm":18389},"minecraft:mined":{"minecraft:dark_oak_leaves":3,"minecraft:dark_oak_log":5},"minecraft:crafted":{"minecraft:crafting_table":1,"minecraft:oak_planks":44,"minecraft:stick":8},"minecraft:killed_by":{"minecraft:zombie":1}},"DataVersion":3465}