{"stats":{"minecraft:killed":{"minecraft:pig":10,"minecraft:iron_golem":1,"minecraft:sheep":5,"minecraft:chicken":2,"minecraft:cow":3},"minecraft:picked_up":{"minecraft:crafting_table":3,"minecraft:feather":5,"minecraft:cooked_beef":3,"minecraft:chicken":2,"minecraft:jungle_log":10,"minecraft:leather":2,"minecraft:smoker":1,"minecraft:gold_block":2,"minecraft:oak_log":23,"minecraft:dirt":28,"minecraft:wheat_seeds":1,"minecraft:stone_pickaxe":1,"minecraft:iron_ingot":5,"minecraft:beef":6,"minecraft:iron_nugget":16,"minecraft:poppy":2,"minecraft:chest":1,"minecraft:oak_planks":2,"minecraft:iron_boots":1,"minecraft:furnace":3,"minecraft:raw_iron":23,"minecraft:oak_door":1,"minecraft:dandelion":1,"minecraft:porkchop":21,"minecraft:dark_oak_log":12,"minecraft:tropical_fish":1,"minecraft:stone_axe":1,"minecraft:writable_book":2,"minecraft:hay_block":7,"minecraft:oak_sapling":1,"minecraft:black_wool":1,"minecraft:glow_berries":2,"minecraft:mutton":6,"minecraft:coal":10,"minecraft:white_wool":3,"minecraft:cobblestone":136},"minecraft:custom":{"minecraft:interact_with_furnace":33,"minecraft:mob_kills":21,"minecraft:interact_with_crafting_table":30,"minecraft:eat_cake_slice":4,"minecraft:leave_game":1,"minecraft:time_since_death":54966,"minecraft:climb_one_cm":2948,"minecraft:time_since_rest":55001,"minecraft:sprint_one_cm":174847,"minecraft:damage_taken":956,"minecraft:walk_one_cm":114416,"minecraft:drop":6,"minecraft:damage_dealt":2627,"minecraft:talked_to_villager":2,"minecraft:swim_one_cm":50467,"minecraft:fly_one_cm":208331,"minecraft:open_chest":24,"minecraft:crouch_one_cm":6198,"minecraft:play_time":66413,"minecraft:deaths":2,"minecraft:sneak_time":2329,"minecraft:walk_under_water_one_cm":36882,"minecraft:boat_one_cm":303852,"minecraft:jump":1645,"minecraft:walk_on_water_one_cm":10819,"minecraft:interact_with_smoker":8,"minecraft:total_world_time":66413,"minecraft:fall_one_cm":38041},"minecraft:dropped":{"minecraft:cooked_porkchop":3,"minecraft:cobblestone":20,"minecraft:iron_boots":2,"minecraft:leather":1,"minecraft:writable_book":1},"minecraft:mined":{"minecraft:dark_oak_leaves":3,"minecraft:oak_door":1,"minecraft:smoker":1,"minecraft:dark_oak_log":8,"minecraft:dandelion":1,"minecraft:crafting_table":3,"minecraft:glow_lichen":1,"minecraft:grass_block":6,"minecraft:chest":1,"minecraft:jungle_log":10,"minecraft:tall_grass":5,"minecraft:cobblestone":3,"minecraft:oak_planks":2,"minecraft:furnace":3,"minecraft:iron_ore":24,"minecraft:gold_block":2,"minecraft:grass":9,"minecraft:oak_log":12,"minecraft:coal_ore":10,"minecraft:dirt":6,"minecraft:stone":108,"minecraft:cake":2},"minecraft:crafted":{"minecraft:cooked_beef":2,"minecraft:oak_door":3,"minecraft:oak_planks":60,"minecraft:cooked_porkchop":9,"minecraft:crafting_table":2,"minecraft:jungle_boat":1,"minecraft:wooden_pickaxe":1,"minecraft:iron_helmet":1,"minecraft:furnace":3,"minecraft:stone_axe":1,"minecraft:bread":21,"minecraft:air":0,"minecraft:jungle_planks":16,"minecraft:oak_boat":1,"minecraft:iron_boots":2,"minecraft:shield":1,"minecraft:stick":24,"minecraft:iron_ingot":12,"minecraft:iron_pickaxe":1,"minecraft:stone_pickaxe":2,"minecraft:stone_sword":1,"minecraft:gold_ingot":18,"minecraft:dark_oak_planks":32,"minecraft:wheat":63,"minecraft:smoker":1},"minecraft:used":{"minecraft:writable_book":1,"minecraft:stone_sword":45,"minecraft:stone_pickaxe":94,"minecraft:oak_planks":7,"minecraft:chest":1,"minecraft:wooden_pickaxe":8,"minecraft:jungle_boat":1,"minecraft:oak_door":2,"minecraft:dirt":12,"minecraft:crafting_table":4,"minecraft:smoker":1,"minecraft:iron_pickaxe":55,"minecraft:jungle_log":1,"minecraft:iron_helmet":1,"minecraft:stone_axe":37,"minecraft:cobblestone":39,"minecraft:oak_sapling":1,"minecraft:furnace":3,"minecraft:cooked_porkchop":4,"minecraft:oak_boat":1,"minecraft:cooked_beef":5},"minecraft:killed_by":{"minecraft:zombie":1}},"DataVersion":3465}