{"stats":{"minecraft:killed":{"minecraft:pig":4},"minecraft:picked_up":{"minecraft:crafting_table":2,"minecraft:porkchop":8,"minecraft:oak_log":23,"minecraft:dark_oak_log":12,"minecraft:dirt":22,"minecraft:oak_sapling":1,"minecraft:chest":1,"minecraft:cobblestone":77,"minecraft:furnace":3},"minecraft:custom":{"minecraft:time_since_rest":6588,"minecraft:interact_with_furnace":5,"minecraft:sprint_one_cm":48333,"minecraft:damage_taken":555,"minecraft:walk_one_cm":45278,"minecraft:mob_kills":4,"minecraft:damage_dealt":701,"minecraft:swim_one_cm":6023,"minecraft:interact_with_crafting_table":14,"minecraft:fly_one_cm":45505,"minecraft:open_chest":2,"minecraft:crouch_one_cm":2484,"minecraft:play_time":18000,"minecraft:deaths":2,"minecraft:sneak_time":803,"minecraft:walk_under_water_one_cm":207,"minecraft:jump":365,"minecraft:time_since_death":6553,"minecraft:walk_on_water_one_cm":462,"minecraft:interact_with_smoker":6,"minecraft:total_world_time":18000,"minecraft:fall_one_cm":11407},"minecraft:mined":{"minecraft:furnace":3,"minecraft:dark_oak_leaves":3,"minecraft:dark_oak_log":8,"minecraft:crafting_table":2,"minecraft:grass":1,"minecraft:grass_block":1,"minecraft:oak_log":12,"minecraft:chest":1,"minecraft:dirt":4,"minecraft:stone":73},"minecraft:crafted":{"minecraft:oak_planks":44,"minecraft:cooked_porkchop":6,"minecraft:crafting_table":2,"minecraft:stick":20,"minecraft:wooden_pickaxe":1,"minecraft:stone_pickaxe":2,"minecraft:stone_sword":1,"minecraft:furnace":3,"minecraft:dark_oak_planks":32,"minecraft:stone_axe":1,"minecraft:air":0,"minecraft:smoker":1},"minecraft:used":{"minecraft:stone_pickaxe":73,"minecraft:wooden_pickaxe":8,"minecraft:stone_axe":16,"minecraft:dirt":5,"minecraft:cobblestone":5,"minecraft:crafting_table":1,"minecraft:furnace":3,"minecraft:cooked_porkchop":2,"minecraft:smoker":1},"minecraft:killed_by":{"minecraft:zombie":1}},"DataVersion":3465}