{"stats":{"minecraft:killed":{"minecraft:pig":4},"minecraft:picked_up":{"minecraft:raw_iron":2,"minecraft:crafting_table":3,"minecraft:jungle_log":10,"minecraft:smoker":1,"minecraft:porkchop":8,"minecraft:oak_log":23,"minecraft:dark_oak_log":12,"minecraft:dirt":22,"minecraft:writable_book":2,"minecraft:oak_sapling":1,"minecraft:glow_berries":2,"minecraft:chest":1,"minecraft:coal":10,"minecraft:cobblestone":85,"minecraft:furnace":3},"minecraft:custom":{"minecraft:time_since_rest":18588,"minecraft:interact_with_furnace":5,"minecraft:sprint_one_cm":84046,"minecraft:damage_taken":606,"minecraft:walk_one_cm":65481,"minecraft:mob_kills":4,"minecraft:drop":2,"minecraft:damage_dealt":701,"minecraft:swim_one_cm":18645,"minecraft:interact_with_crafting_table":15,"minecraft:fly_one_cm":66210,"minecraft:open_chest":2,"minecraft:crouch_one_cm":3443,"minecraft:play_time":30000,"minecraft:deaths":2,"minecraft:sneak_time":1075,"minecraft:walk_under_water_one_cm":802,"minecraft:boat_one_cm":125235,"minecraft:jump":549,"minecraft:time_since_death":18553,"minecraft:walk_on_water_one_cm":4954,"minecraft:climb_one_cm":2785,"minecraft:interact_with_smoker":7,"minecraft:total_world_time":30000,"minecraft:fall_one_cm":14583},"minecraft:dropped":{"minecraft:cooked_porkchop":3,"minecraft:writable_book":1},"minecraft:mined":{"minecraft:furnace":3,"minecraft:dark_oak_leaves":3,"minecraft:iron_ore":2,"minecraft:smoker":1,"minecraft:dark_oak_log":8,"minecraft:crafting_table":3,"minecraft:grass":1,"minecraft:coal_ore":10,"minecraft:grass_block":1,"minecraft:oak_log":12,"minecraft:jungle_log":10,"minecraft:chest":1,"minecraft:dirt":4,"minecraft:stone":81},"minecraft:crafted":{"minecraft:oak_planks":44,"minecraft:cooked_porkchop":7,"minecraft:crafting_table":2,"minecraft:stick":20,"minecraft:jungle_boat":1,"minecraft:wooden_pickaxe":1,"minecraft:stone_pickaxe":2,"minecraft:stone_sword":1,"minecraft:furnace":3,"minecraft:dark_oak_planks":32,"minecraft:stone_axe":1,"minecraft:air":0,"minecraft:jungle_planks":8,"minecraft:smoker":1},"minecraft:used":{"minecraft:writable_book":1,"minecraft:stone_pickaxe":94,"minecraft:jungle_log":1,"minecraft:wooden_pickaxe":8,"minecraft:jungle_boat":1,"minecraft:stone_axe":27,"minecraft:dirt":7,"minecraft:cobblestone":5,"minecraft:crafting_table":2,"minecraft:furnace":3,"minecraft:cooked_porkchop":3,"minecraft:smoker":1},"minecraft:killed_by":{"minecraft:zombie":1}},"DataVersion":3465}