{"stats":{"minecraft:killed":{"minecraft:pig":9,"minecraft:sheep":2,"minecraft:chicken":2,"minecraft:cow":2},"minecraft:picked_up":{"minecraft:crafting_table":3,"minecraft:feather":2,"minecraft:cooked_beef":3,"minecraft:chicken":2,"minecraft:jungle_log":10,"minecraft:leather":1,"minecraft:smoker":1,"minecraft:gold_block":2,"minecraft:oak_log":23,"minecraft:dirt":27,"minecraft:beef":5,"minecraft:iron_nugget":16,"minecraft:chest":1,"minecraft:oak_planks":2,"minecraft:furnace":3,"minecraft:raw_iron":19,"minecraft:oak_door":1,"minecraft:porkchop":19,"minecraft:dark_oak_log":12,"minecraft:tropical_fish":1,"minecraft:writable_book":2,"minecraft:oak_sapling":1,"minecraft:black_wool":1,"minecraft:glow_berries":2,"minecraft:mutton":1,"minecraft:coal":10,"minecraft:cobblestone":111},"minecraft:custom":{"minecraft:interact_with_furnace":14,"minecraft:mob_kills":15,"minecraft:interact_with_crafting_table":21,"minecraft:leave_game":1,"minecraft:time_since_death":42966,"minecraft:climb_one_cm":2948,"minecraft:time_since_rest":43001,"minecraft:sprint_one_cm":119519,"minecraft:damage_taken":916,"minecraft:walk_one_cm":91617,"minecraft:drop":2,"minecraft:damage_dealt":1626,"minecraft:swim_one_cm":50467,"minecraft:fly_one_cm":125657,"minecraft:open_chest":20,"minecraft:crouch_one_cm":5845,"minecraft:play_time":54413,"minecraft:deaths":2,"minecraft:sneak_time":2215,"minecraft:walk_under_water_one_cm":36882,"minecraft:boat_one_cm":303852,"minecraft:jump":1277,"minecraft:walk_on_water_one_cm":10819,"minecraft:interact_with_smoker":7,"minecraft:total_world_time":54413,"minecraft:fall_one_cm":26890},"minecraft:dropped":{"minecraft:cooked_porkchop":3,"minecraft:writable_book":1},"minecraft:mined":{"minecraft:dark_oak_leaves":3,"minecraft:oak_door":1,"minecraft:smoker":1,"minecraft:dark_oak_log":8,"minecraft:crafting_table":3,"minecraft:glow_lichen":1,"minecraft:grass_block":4,"minecraft:chest":1,"minecraft:jungle_log":10,"minecraft:tall_grass":4,"minecraft:oak_planks":2,"minecraft:furnace":3,"minecraft:iron_ore":20,"minecraft:gold_block":2,"minecraft:grass":7,"minecraft:oak_log":12,"minecraft:coal_ore":10,"minecraft:dirt":6,"minecraft:stone":108,"minecraft:cake":2},"minecraft:crafted":{"minecraft:cooked_beef":2,"minecraft:oak_door":3,"minecraft:oak_planks":60,"minecraft:cooked_porkchop":7,"minecraft:crafting_table":2,"minecraft:jungle_boat":1,"minecraft:wooden_pickaxe":1,"minecraft:furnace":3,"minecraft:stone_axe":1,"minecraft:air":0,"minecraft:jungle_planks":8,"minecraft:oak_boat":1,"minecraft:stick":24,"minecraft:iron_ingot":3,"minecraft:iron_pickaxe":1,"minecraft:stone_pickaxe":2,"minecraft:stone_sword":1,"minecraft:gold_ingot":18,"minecraft:dark_oak_planks":32,"minecraft:smoker":1},"minecraft:used":{"minecraft:writable_book":1,"minecraft:stone_sword":30,"minecraft:stone_pickaxe":94,"minecraft:oak_planks":7,"minecraft:wooden_pickaxe":8,"minecraft:jungle_boat":1,"minecraft:oak_door":2,"minecraft:dirt":12,"minecraft:crafting_table":4,"minecraft:smoker":1,"minecraft:iron_pickaxe":48,"minecraft:jungle_log":1,"minecraft:stone_axe":30,"minecraft:cobblestone":33,"minecraft:oak_sapling":1,"minecraft:furnace":3,"minecraft:cooked_porkchop":4,"minecraft:oak_boat":1,"minecraft:cooked_beef":3},"minecraft:killed_by":{"minecraft:zombie":1}},"DataVersion":3465}