{"stats":{"minecraft:picked_up":{"minecraft:crafting_table":1,"minecraft:raw_iron":4,"minecraft:leather":1,"minecraft:porkchop":8,"minecraft:dark_oak_log":21,"minecraft:dirt":6,"minecraft:beef":2,"minecraft:sugar_cane":9,"minecraft:coal":25,"minecraft:cobblestone":18},"minecraft:mined":{"minecraft:iron_ore":4,"minecraft:dark_oak_log":21,"minecraft:crafting_table":1,"minecraft:grass_block":2,"minecraft:coal_ore":25,"minecraft:dirt":3,"minecraft:stone":18,"minecraft:sugar_cane":3},"minecraft:used":{"minecraft:wooden_axe":25,"minecraft:stone_pickaxe":38,"minecraft:wooden_pickaxe":17,"minecraft:crafting_table":2,"minecraft:furnace":1},"minecraft:crafted":{"minecraft:crafting_table":1,"minecraft:stick":8,"minecraft:wooden_pickaxe":1,"minecraft:iron_ingot":3,"minecraft:stone_pickaxe":1,"minecraft:wooden_axe":1,"minecraft:furnace":1,"minecraft:dark_oak_planks":28,"minecraft:stone_axe":1,"minecraft:air":0},"minecraft:killed":{"minecraft:pig":5,"minecraft:cow":1},"minecraft:custom":{"minecraft:time_since_rest":9796,"minecraft:interact_with_furnace":3,"minecraft:sprint_one_cm":16867,"minecraft:damage_taken":70,"minecraft:walk_one_cm":18374,"minecraft:mob_kills":6,"minecraft:damage_dealt":580,"minecraft:interact_with_crafting_table":5,"minecraft:fly_one_cm":8550,"minecraft:open_chest":1,"minecraft:play_time":9796,"minecraft:jump":113,"minecraft:leave_game":1,"minecraft:time_since_death":9796,"minecraft:total_world_time":9796,"minecraft:fall_one_cm":4841}},"DataVersion":3465}