{"stats":{"minecraft:picked_up":{"minecraft:dirt":1,"minecraft:spawner":1,"minecraft:cobbled_deepslate":2,"minecraft:written_book":1,"minecraft:stick":3,"minecraft:gravel":2,"minecraft:porkchop":134,"minecraft:grass_block":1,"minecraft:spider_eye":1,"minecraft:arrow":2,"minecraft:rotten_flesh":1,"minecraft:sugar":2,"minecraft:slime_ball":6,"minecraft:tropical_fish":1,"minecraft:writable_book":1,"minecraft:blue_ice":3,"minecraft:cobblestone":9,"minecraft:ender_pearl":1},"minecraft:killed":{"minecraft:pig":42,"minecraft:spider":1,"minecraft:slime":6,"minecraft:creeper":1,"minecraft:skeleton":1,"minecraft:zombie":6,"minecraft:enderman":1},"minecraft:custom":{"minecraft:interact_with_furnace":8,"minecraft:mob_kills":58,"minecraft:interact_with_crafting_table":1,"minecraft:eat_cake_slice":21,"minecraft:leave_game":10,"minecraft:time_since_death":66103,"minecraft:climb_one_cm":460,"minecraft:time_since_rest":66144,"minecraft:sprint_one_cm":42308,"minecraft:damage_taken":20,"minecraft:walk_one_cm":177050,"minecraft:drop":158,"minecraft:damage_dealt":6861,"minecraft:fly_one_cm":1768535,"minecraft:player_kills":1,"minecraft:open_chest":4,"minecraft:crouch_one_cm":2229,"minecraft:play_time":470700,"minecraft:deaths":2,"minecraft:sneak_time":3745,"minecraft:walk_under_water_one_cm":9228,"minecraft:boat_one_cm":1440,"minecraft:jump":516,"minecraft:walk_on_water_one_cm":10491,"minecraft:total_world_time":470700,"minecraft:fall_one_cm":6287},"minecraft:dropped":{"minecraft:iron_ingot":1,"minecraft:bread":64,"minecraft:porkchop":1,"minecraft:oak_log":64,"minecraft:diamond":1,"minecraft:ender_pearl":2,"minecraft:deepslate":1,"minecraft:grass_block":1,"minecraft:golden_apple":65,"minecraft:stick":2,"minecraft:emerald":1,"minecraft:dirt":1,"minecraft:packed_ice":3,"minecraft:ice":3,"minecraft:wooden_axe":1,"minecraft:blue_ice":3,"minecraft:writable_book":12,"minecraft:spider_eye":1,"minecraft:wooden_sword":1,"minecraft:sugar":2,"minecraft:netherrack":2},"minecraft:mined":{"minecraft:grass_block":2,"minecraft:tall_grass":8,"minecraft:grass":5},"minecraft:used":{"minecraft:dirt_path":1,"minecraft:ender_pearl":2,"minecraft:donkey_spawn_egg":3,"minecraft:stone":2,"minecraft:iron_sword":136,"minecraft:zombie_spawn_egg":5,"minecraft:player_head":4,"minecraft:golden_apple":10,"minecraft:allay_spawn_egg":1,"minecraft:cake":21,"minecraft:oak_log":1,"minecraft:amethyst_cluster":59,"minecraft:firework_rocket":3,"minecraft:grass_block":47,"minecraft:pig_spawn_egg":8,"minecraft:spawner":3,"minecraft:dark_oak_leaves":17,"minecraft:diamond_ore":9,"minecraft:budding_amethyst":3,"minecraft:deepslate":70,"minecraft:slime_spawn_egg":2,"minecraft:deepslate_diamond_ore":63,"minecraft:wooden_sword":6,"minecraft:cobblestone":2,"minecraft:written_book":1,"minecraft:wolf_spawn_egg":15,"minecraft:white_banner":1,"minecraft:bucket":5,"minecraft:oak_boat":4,"minecraft:egg":54,"minecraft:brush":1,"minecraft:powder_snow_bucket":9}},"DataVersion":3465}