{"stats":{"minecraft:used":{"minecraft:spawner":1,"minecraft:donkey_spawn_egg":3,"minecraft:brush":1,"minecraft:dark_oak_leaves":17,"minecraft:firework_rocket":3,"minecraft:allay_spawn_egg":1,"minecraft:written_book":1,"minecraft:wolf_spawn_egg":15,"minecraft:player_head":4},"minecraft:dropped":{"minecraft:netherrack":1},"minecraft:custom":{"minecraft:jump":19,"minecraft:time_since_rest":7505,"minecraft:deaths":1,"minecraft:damage_dealt":67,"minecraft:crouch_one_cm":82,"minecraft:play_time":99701,"minecraft:leave_game":3,"minecraft:sprint_one_cm":601,"minecraft:time_since_death":7462,"minecraft:walk_one_cm":2919,"minecraft:sneak_time":327,"minecraft:total_world_time":99701,"minecraft:drop":1,"minecraft:fly_one_cm":98857}},"DataVersion":3465}