{"stats":{"minecraft:killed":{"minecraft:skeleton":1,"minecraft:zombie":6,"minecraft:pig":42,"minecraft:spider":1,"minecraft:slime":6,"minecraft:creeper":1,"minecraft:enderman":1},"minecraft:picked_up":{"minecraft:stick":3,"minecraft:porkchop":134,"minecraft:grass_block":1,"minecraft:spider_eye":1,"minecraft:dirt":1,"minecraft:spawner":1,"minecraft:sugar":2,"minecraft:arrow":2,"minecraft:rotten_flesh":1,"minecraft:slime_ball":6,"minecraft:writable_book":1,"minecraft:written_book":1,"minecraft:ender_pearl":1,"minecraft:cobblestone":2},"minecraft:custom":{"minecraft:time_since_rest":54144,"minecraft:interact_with_furnace":8,"minecraft:sprint_one_cm":40224,"minecraft:damage_taken":20,"minecraft:walk_one_cm":169320,"minecraft:mob_kills":58,"minecraft:drop":83,"minecraft:damage_dealt":6809,"minecraft:player_kills":1,"minecraft:interact_with_crafting_table":1,"minecraft:fly_one_cm":1678221,"minecraft:open_chest":4,"minecraft:crouch_one_cm":1927,"minecraft:play_time":458700,"minecraft:deaths":2,"minecraft:sneak_time":3289,"minecraft:walk_under_water_one_cm":4866,"minecraft:jump":468,"minecraft:eat_cake_slice":21,"minecraft:walk_on_water_one_cm":8010,"minecraft:leave_game":10,"minecraft:time_since_death":54103,"minecraft:climb_one_cm":460,"minecraft:total_world_time":458700,"minecraft:fall_one_cm":6287},"minecraft:dropped":{"minecraft:iron_ingot":1,"minecraft:bread":64,"minecraft:dirt":1,"minecraft:porkchop":1,"minecraft:oak_log":64,"minecraft:ender_pearl":1,"minecraft:diamond":1,"minecraft:wooden_axe":1,"minecraft:deepslate":1,"minecraft:wooden_sword":1,"minecraft:spider_eye":1,"minecraft:writable_book":12,"minecraft:sugar":2,"minecraft:grass_block":1,"minecraft:netherrack":2,"minecraft:stick":2,"minecraft:emerald":1},"minecraft:mined":{"minecraft:grass":5,"minecraft:grass_block":2,"minecraft:tall_grass":8},"minecraft:used":{"minecraft:oak_log":1,"minecraft:dirt_path":1,"minecraft:firework_rocket":3,"minecraft:grass_block":47,"minecraft:pig_spawn_egg":8,"minecraft:spawner":3,"minecraft:ender_pearl":2,"minecraft:donkey_spawn_egg":3,"minecraft:dark_oak_leaves":17,"minecraft:iron_sword":136,"minecraft:zombie_spawn_egg":5,"minecraft:diamond_ore":4,"minecraft:deepslate":9,"minecraft:golden_apple":10,"minecraft:player_head":4,"minecraft:slime_spawn_egg":2,"minecraft:deepslate_diamond_ore":25,"minecraft:wooden_sword":6,"minecraft:cobblestone":2,"minecraft:written_book":1,"minecraft:wolf_spawn_egg":15,"minecraft:white_banner":1,"minecraft:bucket":5,"minecraft:egg":54,"minecraft:brush":1,"minecraft:cake":21,"minecraft:allay_spawn_egg":1,"minecraft:powder_snow_bucket":9}},"DataVersion":3465}