{"stats":{"minecraft:picked_up":{"minecraft:spawner":1,"minecraft:rotten_flesh":1,"minecraft:slime_ball":2,"minecraft:porkchop":47,"minecraft:spider_eye":1},"minecraft:killed":{"minecraft:spider":1,"minecraft:zombie":5,"minecraft:pig":29,"minecraft:slime":1},"minecraft:dropped":{"minecraft:wooden_sword":1,"minecraft:spider_eye":1,"minecraft:netherrack":2},"minecraft:used":{"minecraft:slime_spawn_egg":1,"minecraft:wooden_sword":3,"minecraft:firework_rocket":3,"minecraft:written_book":1,"minecraft:wolf_spawn_egg":15,"minecraft:pig_spawn_egg":8,"minecraft:spawner":2,"minecraft:dark_oak_leaves":17,"minecraft:donkey_spawn_egg":3,"minecraft:brush":1,"minecraft:iron_sword":91,"minecraft:zombie_spawn_egg":5,"minecraft:allay_spawn_egg":1,"minecraft:player_head":4},"minecraft:custom":{"minecraft:time_since_rest":151423,"minecraft:crouch_one_cm":226,"minecraft:play_time":243619,"minecraft:sprint_one_cm":8352,"minecraft:deaths":1,"minecraft:walk_one_cm":36222,"minecraft:sneak_time":417,"minecraft:mob_kills":36,"minecraft:drop":4,"minecraft:jump":121,"minecraft:damage_dealt":4424,"minecraft:leave_game":4,"minecraft:time_since_death":151380,"minecraft:total_world_time":243619,"minecraft:fall_one_cm":269,"minecraft:fly_one_cm":126785}},"DataVersion":3465}