{"stats":{"minecraft:used":{"minecraft:spawner":1,"minecraft:donkey_spawn_egg":3,"minecraft:brush":1,"minecraft:dark_oak_leaves":17,"minecraft:allay_spawn_egg":1,"minecraft:wolf_spawn_egg":15},"minecraft:custom":{"minecraft:jump":18,"minecraft:time_since_rest":57701,"minecraft:damage_dealt":67,"minecraft:crouch_one_cm":66,"minecraft:play_time":57701,"minecraft:leave_game":3,"minecraft:sprint_one_cm":601,"minecraft:time_since_death":57701,"minecraft:walk_one_cm":2765,"minecraft:sneak_time":215,"minecraft:total_world_time":57701,"minecraft:fly_one_cm":85715}},"DataVersion":3465}