{"stats":{"minecraft:killed":{"minecraft:skeleton":1,"minecraft:zombie":6,"minecraft:pig":42,"minecraft:spider":1,"minecraft:slime":6,"minecraft:creeper":1,"minecraft:enderman":1},"minecraft:picked_up":{"minecraft:stick":3,"minecraft:porkchop":134,"minecraft:grass_block":1,"minecraft:spider_eye":1,"minecraft:dirt":1,"minecraft:spawner":1,"minecraft:arrow":2,"minecraft:rotten_flesh":1,"minecraft:slime_ball":6,"minecraft:writable_book":1,"minecraft:written_book":1},"minecraft:custom":{"minecraft:time_since_rest":12144,"minecraft:sprint_one_cm":30949,"minecraft:damage_taken":20,"minecraft:walk_one_cm":140012,"minecraft:mob_kills":58,"minecraft:drop":75,"minecraft:damage_dealt":6708,"minecraft:player_kills":1,"minecraft:interact_with_crafting_table":1,"minecraft:fly_one_cm":1184428,"minecraft:open_chest":1,"minecraft:crouch_one_cm":974,"minecraft:play_time":416700,"minecraft:deaths":2,"minecraft:sneak_time":1720,"minecraft:walk_under_water_one_cm":4805,"minecraft:jump":378,"minecraft:eat_cake_slice":1,"minecraft:walk_on_water_one_cm":7846,"minecraft:leave_game":10,"minecraft:time_since_death":12103,"minecraft:climb_one_cm":460,"minecraft:total_world_time":416700,"minecraft:fall_one_cm":2875},"minecraft:dropped":{"minecraft:bread":64,"minecraft:dirt":1,"minecraft:porkchop":1,"minecraft:oak_log":64,"minecraft:wooden_sword":1,"minecraft:spider_eye":1,"minecraft:writable_book":12,"minecraft:grass_block":1,"minecraft:netherrack":2,"minecraft:stick":2},"minecraft:mined":{"minecraft:grass_block":2},"minecraft:used":{"minecraft:oak_log":1,"minecraft:firework_rocket":3,"minecraft:grass_block":44,"minecraft:pig_spawn_egg":8,"minecraft:spawner":3,"minecraft:donkey_spawn_egg":3,"minecraft:dark_oak_leaves":17,"minecraft:iron_sword":136,"minecraft:zombie_spawn_egg":5,"minecraft:player_head":4,"minecraft:slime_spawn_egg":2,"minecraft:wooden_sword":6,"minecraft:written_book":1,"minecraft:wolf_spawn_egg":15,"minecraft:white_banner":1,"minecraft:bucket":5,"minecraft:brush":1,"minecraft:cake":15,"minecraft:allay_spawn_egg":1,"minecraft:powder_snow_bucket":9}},"DataVersion":3465}