{"stats":{"minecraft:picked_up":{"minecraft:spawner":1,"minecraft:arrow":2,"minecraft:rotten_flesh":1,"minecraft:slime_ball":6,"minecraft:porkchop":66,"minecraft:grass_block":1,"minecraft:spider_eye":1},"minecraft:killed":{"minecraft:skeleton":1,"minecraft:spider":1,"minecraft:zombie":5,"minecraft:pig":42,"minecraft:creeper":1,"minecraft:slime":6,"minecraft:enderman":1},"minecraft:dropped":{"minecraft:wooden_sword":1,"minecraft:spider_eye":1,"minecraft:netherrack":2},"minecraft:used":{"minecraft:slime_spawn_egg":2,"minecraft:wooden_sword":3,"minecraft:firework_rocket":3,"minecraft:written_book":1,"minecraft:wolf_spawn_egg":15,"minecraft:pig_spawn_egg":8,"minecraft:spawner":3,"minecraft:dark_oak_leaves":17,"minecraft:donkey_spawn_egg":3,"minecraft:brush":1,"minecraft:iron_sword":136,"minecraft:zombie_spawn_egg":5,"minecraft:allay_spawn_egg":1,"minecraft:player_head":4},"minecraft:custom":{"minecraft:time_since_rest":163423,"minecraft:crouch_one_cm":239,"minecraft:play_time":255619,"minecraft:sprint_one_cm":9971,"minecraft:damage_taken":20,"minecraft:deaths":1,"minecraft:walk_one_cm":45280,"minecraft:sneak_time":439,"minecraft:mob_kills":57,"minecraft:drop":4,"minecraft:jump":159,"minecraft:damage_dealt":6458,"minecraft:leave_game":4,"minecraft:time_since_death":163380,"minecraft:total_world_time":255619,"minecraft:fall_one_cm":1150,"minecraft:fly_one_cm":136705}},"DataVersion":3465}