{"stats":{"minecraft:picked_up":{"minecraft:andesite":8,"minecraft:tuff":14,"minecraft:lapis_lazuli":2547,"minecraft:dirt":1,"minecraft:spawner":1,"minecraft:cobbled_deepslate":528,"minecraft:written_book":1,"minecraft:iron_pickaxe":61,"minecraft:bamboo":6,"minecraft:stick":3,"minecraft:smooth_basalt":3,"minecraft:gravel":2,"minecraft:porkchop":134,"minecraft:grass_block":1,"minecraft:spider_eye":1,"minecraft:rotten_flesh":1,"minecraft:arrow":2,"minecraft:sugar":2,"minecraft:slime_ball":6,"minecraft:tropical_fish":1,"minecraft:writable_book":1,"minecraft:blue_ice":3,"minecraft:cobblestone":41,"minecraft:ender_pearl":1},"minecraft:used":{"minecraft:brain_coral_block":3,"minecraft:dirt_path":2,"minecraft:pink_glazed_terracotta":2,"minecraft:mycelium":1,"minecraft:ender_pearl":4,"minecraft:donkey_spawn_egg":3,"minecraft:stone":12,"minecraft:iron_sword":136,"minecraft:zombie_spawn_egg":5,"minecraft:sniffer_egg":2,"minecraft:player_head":4,"minecraft:farmland":1,"minecraft:pink_concrete":4,"minecraft:golden_apple":10,"minecraft:allay_spawn_egg":1,"minecraft:cake":21,"minecraft:oak_log":1,"minecraft:amethyst_cluster":60,"minecraft:firework_rocket":3,"minecraft:grass_block":47,"minecraft:pig_spawn_egg":8,"minecraft:spawner":3,"minecraft:dark_oak_leaves":17,"minecraft:cherry_leaves":3,"minecraft:diamond_ore":19,"minecraft:deepslate":135,"minecraft:budding_amethyst":4,"minecraft:pink_wool":4,"minecraft:smooth_basalt":3,"minecraft:slime_spawn_egg":2,"minecraft:wooden_sword":6,"minecraft:cobblestone":2,"minecraft:green_candle":12,"minecraft:deepslate_diamond_ore":100,"minecraft:fishing_rod":189,"minecraft:magma_block":1,"minecraft:written_book":1,"minecraft:wolf_spawn_egg":15,"minecraft:white_banner":1,"minecraft:podzol":1,"minecraft:bucket":5,"minecraft:pink_stained_glass":4,"minecraft:oak_boat":4,"minecraft:egg":54,"minecraft:brush":1,"minecraft:pink_concrete_powder":2,"minecraft:coarse_dirt":1,"minecraft:cobbled_deepslate":3,"minecraft:powder_snow_bucket":9,"minecraft:experience_bottle":948},"minecraft:killed":{"minecraft:pig":42,"minecraft:spider":1,"minecraft:slime":6,"minecraft:creeper":1,"minecraft:skeleton":1,"minecraft:zombie":6,"minecraft:enderman":1},"minecraft:crafted":{"minecraft:air":0,"minecraft:iron_ingot":2},"minecraft:mined":{"minecraft:grass_block":2,"minecraft:tall_grass":8,"minecraft:grass":5},"minecraft:dropped":{"minecraft:iron_ingot":57,"minecraft:bread":64,"minecraft:porkchop":1,"minecraft:lapis_lazuli":256,"minecraft:oak_log":64,"minecraft:cobbled_deepslate":311,"minecraft:diamond":2,"minecraft:ender_pearl":4,"minecraft:deepslate":1,"minecraft:tuff":7,"minecraft:obsidian":1,"minecraft:beetroot":15,"minecraft:grass_block":1,"minecraft:golden_apple":65,"minecraft:stick":2,"minecraft:emerald":1,"minecraft:dirt":1,"minecraft:stone":66,"minecraft:packed_ice":3,"minecraft:ice":3,"minecraft:wooden_axe":1,"minecraft:blue_ice":3,"minecraft:wooden_sword":1,"minecraft:axolotl_bucket":1,"minecraft:spider_eye":1,"minecraft:bamboo":6,"minecraft:writable_book":12,"minecraft:iron_pickaxe":125,"minecraft:sugar":2,"minecraft:fishing_rod":1,"minecraft:netherrack":2},"minecraft:custom":{"minecraft:interact_with_furnace":9,"minecraft:mob_kills":58,"minecraft:interact_with_crafting_table":3,"minecraft:eat_cake_slice":21,"minecraft:leave_game":13,"minecraft:time_since_death":31742,"minecraft:climb_one_cm":460,"minecraft:time_since_rest":31771,"minecraft:sprint_one_cm":48976,"minecraft:damage_taken":440,"minecraft:walk_one_cm":203889,"minecraft:drop":254,"minecraft:damage_dealt":6893,"minecraft:fly_one_cm":1982686,"minecraft:player_kills":1,"minecraft:open_chest":12,"minecraft:crouch_one_cm":2407,"minecraft:play_time":524411,"minecraft:deaths":3,"minecraft:sneak_time":4375,"minecraft:walk_under_water_one_cm":9228,"minecraft:boat_one_cm":1440,"minecraft:jump":676,"minecraft:interact_with_blast_furnace":4,"minecraft:walk_on_water_one_cm":10491,"minecraft:total_world_time":524411,"minecraft:fall_one_cm":10461},"minecraft:killed_by":{"minecraft:player":1}},"DataVersion":3465}