{"stats":{"minecraft:picked_up":{"minecraft:rotten_flesh":1,"minecraft:porkchop":10,"minecraft:spider_eye":1},"minecraft:killed":{"minecraft:spider":1,"minecraft:zombie":5,"minecraft:pig":7},"minecraft:dropped":{"minecraft:wooden_sword":1,"minecraft:spider_eye":1,"minecraft:netherrack":2},"minecraft:used":{"minecraft:wooden_sword":3,"minecraft:firework_rocket":3,"minecraft:written_book":1,"minecraft:wolf_spawn_egg":15,"minecraft:pig_spawn_egg":7,"minecraft:spawner":1,"minecraft:dark_oak_leaves":17,"minecraft:donkey_spawn_egg":3,"minecraft:brush":1,"minecraft:iron_sword":36,"minecraft:zombie_spawn_egg":5,"minecraft:allay_spawn_egg":1,"minecraft:player_head":4},"minecraft:custom":{"minecraft:time_since_rest":139423,"minecraft:crouch_one_cm":82,"minecraft:play_time":231619,"minecraft:sprint_one_cm":5849,"minecraft:deaths":1,"minecraft:walk_one_cm":16428,"minecraft:sneak_time":366,"minecraft:mob_kills":13,"minecraft:drop":4,"minecraft:jump":101,"minecraft:damage_dealt":1896,"minecraft:leave_game":4,"minecraft:time_since_death":139380,"minecraft:total_world_time":231619,"minecraft:fall_one_cm":269,"minecraft:fly_one_cm":125480}},"DataVersion":3465}