{"stats":{"minecraft:killed":{"minecraft:spider":1},"minecraft:used":{"minecraft:wooden_sword":3,"minecraft:firework_rocket":3,"minecraft:written_book":1,"minecraft:wolf_spawn_egg":15,"minecraft:spawner":1,"minecraft:dark_oak_leaves":17,"minecraft:donkey_spawn_egg":3,"minecraft:brush":1,"minecraft:allay_spawn_egg":1,"minecraft:player_head":4},"minecraft:picked_up":{"minecraft:spider_eye":1},"minecraft:dropped":{"minecraft:spider_eye":1,"minecraft:wooden_sword":1,"minecraft:netherrack":2},"minecraft:custom":{"minecraft:time_since_rest":115505,"minecraft:crouch_one_cm":82,"minecraft:sprint_one_cm":5849,"minecraft:play_time":207701,"minecraft:walk_one_cm":11127,"minecraft:deaths":1,"minecraft:sneak_time":344,"minecraft:mob_kills":1,"minecraft:drop":4,"minecraft:jump":82,"minecraft:damage_dealt":227,"minecraft:leave_game":3,"minecraft:time_since_death":115462,"minecraft:total_world_time":207701,"minecraft:fall_one_cm":269,"minecraft:fly_one_cm":124882}},"DataVersion":3465}