{"stats":{"minecraft:picked_up":{"minecraft:oak_log":6},"minecraft:custom":{"minecraft:jump":11,"minecraft:time_since_rest":10365,"minecraft:sprint_one_cm":3323,"minecraft:leave_game":2,"minecraft:play_time":10365,"minecraft:time_since_death":10365,"minecraft:walk_one_cm":2582,"minecraft:total_world_time":10365,"minecraft:drop":1,"minecraft:fly_one_cm":891},"minecraft:dropped":{"minecraft:oak_log":1},"minecraft:mined":{"minecraft:grass":1,"minecraft:oak_log":5,"minecraft:oak_leaves":5}},"DataVersion":3465}