{"stats":{"minecraft:dropped":{"minecraft:porkchop":64,"minecraft:wooden_sword":3,"minecraft:dark_oak_planks":22},"minecraft:picked_up":{"minecraft:wooden_axe":1,"minecraft:stick":2,"minecraft:crafting_table":1,"minecraft:feather":3,"minecraft:chicken":2,"minecraft:porkchop":85,"minecraft:oak_log":11,"minecraft:grass_block":1,"minecraft:dark_oak_log":10,"minecraft:spider_eye":1,"minecraft:dirt":15,"minecraft:wooden_sword":2,"minecraft:arrow":2,"minecraft:bone":2,"minecraft:cobblestone":5,"minecraft:egg":1},"minecraft:mined":{"minecraft:dark_oak_leaves":1,"minecraft:dark_oak_log":9,"minecraft:crafting_table":1,"minecraft:grass":2,"minecraft:grass_block":1,"minecraft:dirt":3,"minecraft:stone":5},"minecraft:used":{"minecraft:wooden_axe":6,"minecraft:stone_sword":74,"minecraft:chicken":1,"minecraft:wooden_pickaxe":6,"minecraft:stone_axe":22,"minecraft:wooden_sword":6,"minecraft:dirt":4,"minecraft:crafting_table":2,"minecraft:porkchop":20,"minecraft:egg":1},"minecraft:crafted":{"minecraft:wooden_sword":1,"minecraft:oak_planks":44,"minecraft:crafting_table":1,"minecraft:stick":12,"minecraft:wooden_pickaxe":1,"minecraft:wooden_axe":1,"minecraft:stone_sword":1,"minecraft:dark_oak_planks":40,"minecraft:stone_axe":1},"minecraft:killed":{"minecraft:skeleton":1,"minecraft:zombie":1,"minecraft:pig":45,"minecraft:chicken":2,"minecraft:spider":2},"minecraft:custom":{"minecraft:time_since_rest":17432,"minecraft:sprint_one_cm":40087,"minecraft:damage_taken":610,"minecraft:walk_one_cm":47478,"minecraft:mob_kills":51,"minecraft:drop":5,"minecraft:damage_dealt":4838,"minecraft:player_kills":1,"minecraft:interact_with_crafting_table":8,"minecraft:fly_one_cm":19481,"minecraft:crouch_one_cm":814,"minecraft:play_time":17432,"minecraft:sneak_time":508,"minecraft:jump":330,"minecraft:leave_game":2,"minecraft:time_since_death":17432,"minecraft:total_world_time":17432,"minecraft:fall_one_cm":4784}},"DataVersion":3465}