{"stats":{"minecraft:used":{"minecraft:ender_eye":72,"minecraft:bread":1,"minecraft:ender_pearl":7,"minecraft:dirt":4,"minecraft:anvil":1,"minecraft:end_crystal":1,"minecraft:written_book":5,"minecraft:porkchop":4,"minecraft:end_portal_frame":46,"minecraft:coarse_dirt":1,"minecraft:obsidian":8},"minecraft:picked_up":{"minecraft:coarse_dirt":1,"minecraft:stick":1,"minecraft:porkchop":4,"minecraft:dirt":5,"minecraft:arrow":3,"minecraft:bone":2,"minecraft:writable_book":3,"minecraft:ender_eye":11,"minecraft:written_book":3,"minecraft:bread":8},"minecraft:custom":{"minecraft:time_since_rest":47565,"minecraft:sprint_one_cm":66033,"minecraft:damage_taken":974,"minecraft:walk_one_cm":84817,"minecraft:interact_with_anvil":9,"minecraft:mob_kills":7,"minecraft:drop":7,"minecraft:damage_dealt":428,"minecraft:swim_one_cm":4786,"minecraft:fly_one_cm":292510,"minecraft:crouch_one_cm":343,"minecraft:play_time":62219,"minecraft:deaths":2,"minecraft:sneak_time":136,"minecraft:walk_under_water_one_cm":4635,"minecraft:jump":993,"minecraft:leave_game":9,"minecraft:time_since_death":47538,"minecraft:walk_on_water_one_cm":996,"minecraft:total_world_time":62219,"minecraft:fall_one_cm":23928,"minecraft:horse_one_cm":44},"minecraft:dropped":{"minecraft:dirt":1,"minecraft:potion":1,"minecraft:writable_book":2,"minecraft:written_book":3},"minecraft:mined":{"minecraft:podzol":2,"minecraft:coarse_dirt":1,"minecraft:dark_oak_leaves":1,"minecraft:grass_block":2,"minecraft:dirt":1,"minecraft:oak_leaves":2,"minecraft:fern":2},"minecraft:killed":{"minecraft:skeleton":1,"minecraft:wolf":2,"minecraft:pig":4},"minecraft:killed_by":{"minecraft:player":2}},"DataVersion":3465}