{"stats":{"minecraft:dropped":{"minecraft:bread":191,"minecraft:dark_oak_log":1,"minecraft:writable_book":15,"minecraft:oak_planks":54,"minecraft:dark_oak_button":24,"minecraft:wooden_pickaxe":3,"minecraft:written_book":3},"minecraft:picked_up":{"minecraft:wooden_pickaxe":2,"minecraft:oak_log":9,"minecraft:dark_oak_log":7,"minecraft:writable_book":18,"minecraft:written_book":1,"minecraft:bread":194,"minecraft:oak_planks":36},"minecraft:mined":{"minecraft:dark_oak_log":7,"minecraft:grass":1},"minecraft:used":{"minecraft:bread":3,"minecraft:oak_planks":1,"minecraft:chest":1,"minecraft:written_book":4,"minecraft:crafting_table":1},"minecraft:crafted":{"minecraft:oak_planks":36,"minecraft:crafting_table":1,"minecraft:stick":4,"minecraft:wooden_pickaxe":1,"minecraft:chest":1,"minecraft:dark_oak_button":24,"minecraft:dark_oak_planks":24},"minecraft:custom":{"minecraft:time_since_rest":20,"minecraft:sprint_one_cm":24247,"minecraft:damage_taken":606,"minecraft:walk_one_cm":36599,"minecraft:drop":37,"minecraft:damage_dealt":507,"minecraft:interact_with_crafting_table":4,"minecraft:swim_one_cm":13154,"minecraft:fly_one_cm":77658,"minecraft:player_kills":1,"minecraft:open_chest":9,"minecraft:crouch_one_cm":695,"minecraft:play_time":22290,"minecraft:deaths":1,"minecraft:sneak_time":478,"minecraft:walk_under_water_one_cm":813,"minecraft:jump":164,"minecraft:leave_game":7,"minecraft:time_since_death":0,"minecraft:walk_on_water_one_cm":967,"minecraft:total_world_time":22290,"minecraft:fall_one_cm":10120}},"DataVersion":3465}