{"stats":{"minecraft:killed":{"minecraft:zombie_villager":1,"minecraft:spider":3,"minecraft:skeleton":1,"minecraft:zombie":9,"minecraft:enderman":1},"minecraft:picked_up":{"minecraft:birch_log":6,"minecraft:fishing_rod":1,"minecraft:crafting_table":3,"minecraft:birch_planks":3,"minecraft:oak_log":13,"minecraft:dirt":3,"minecraft:string":5,"minecraft:bone":2,"minecraft:cobbled_deepslate":53,"minecraft:iron_ingot":56,"minecraft:oak_planks":2,"minecraft:furnace":2,"minecraft:raw_iron":83,"minecraft:stone":66,"minecraft:birch_boat":2,"minecraft:axolotl_bucket":1,"minecraft:gravel":2,"minecraft:diorite":6,"minecraft:spider_eye":1,"minecraft:arrow":1,"minecraft:rotten_flesh":8,"minecraft:diamond":1,"minecraft:tropical_fish":1,"minecraft:glow_berries":6,"minecraft:coal":11,"minecraft:cobblestone":41,"minecraft:ender_pearl":2},"minecraft:custom":{"minecraft:interact_with_furnace":35,"minecraft:mob_kills":15,"minecraft:interact_with_crafting_table":26,"minecraft:time_since_death":54000,"minecraft:time_since_rest":54000,"minecraft:sprint_one_cm":43822,"minecraft:damage_taken":485,"minecraft:walk_one_cm":146890,"minecraft:damage_blocked_by_shield":565,"minecraft:drop":6,"minecraft:damage_dealt":2965,"minecraft:swim_one_cm":10785,"minecraft:fly_one_cm":31168,"minecraft:crouch_one_cm":2238,"minecraft:play_time":54000,"minecraft:sneak_time":2221,"minecraft:walk_under_water_one_cm":8565,"minecraft:boat_one_cm":15435,"minecraft:jump":439,"minecraft:interact_with_blast_furnace":34,"minecraft:walk_on_water_one_cm":5402,"minecraft:total_world_time":54000,"minecraft:fall_one_cm":5454},"minecraft:dropped":{"minecraft:diamond":1,"minecraft:rotten_flesh":2,"minecraft:stone":66,"minecraft:axolotl_bucket":1,"minecraft:fishing_rod":1},"minecraft:mined":{"minecraft:crafting_table":3,"minecraft:cave_vines_plant":5,"minecraft:grass_block":1,"minecraft:cobblestone":2,"minecraft:diorite":6,"minecraft:birch_planks":3,"minecraft:furnace":2,"minecraft:birch_log":6,"minecraft:iron_ore":19,"minecraft:oak_log":13,"minecraft:coal_ore":10,"minecraft:cave_vines":3,"minecraft:gravel":2,"minecraft:dirt":2,"minecraft:stone":39,"minecraft:oak_leaves":2,"minecraft:deepslate":53},"minecraft:crafted":{"minecraft:oak_planks":8,"minecraft:smooth_stone":6,"minecraft:deepslate":1,"minecraft:crafting_table":1,"minecraft:wooden_pickaxe":1,"minecraft:birch_boat":1,"minecraft:furnace":2,"minecraft:blast_furnace":2,"minecraft:stone":6,"minecraft:birch_planks":24,"minecraft:air":0,"minecraft:charcoal":2,"minecraft:shield":1,"minecraft:stick":8,"minecraft:iron_ingot":102,"minecraft:stone_pickaxe":1,"minecraft:wooden_axe":1,"minecraft:stone_sword":1},"minecraft:used":{"minecraft:stone_sword":82,"minecraft:birch_planks":3,"minecraft:tropical_fish":1,"minecraft:stone_pickaxe":114,"minecraft:ender_pearl":1,"minecraft:wooden_pickaxe":20,"minecraft:birch_boat":2,"minecraft:shield":19,"minecraft:rotten_flesh":6,"minecraft:glow_berries":6,"minecraft:dirt":3,"minecraft:crafting_table":4,"minecraft:blast_furnace":2,"minecraft:wooden_axe":9,"minecraft:cobblestone":13,"minecraft:furnace":2}},"DataVersion":3465}