{"stats":{"minecraft:used":{"minecraft:diorite":1,"minecraft:stone_sword":131,"minecraft:chiseled_deepslate":311,"minecraft:birch_planks":3,"minecraft:tropical_fish":1,"minecraft:stone_pickaxe":130,"minecraft:oak_sign":2,"minecraft:wooden_pickaxe":33,"minecraft:ender_pearl":1,"minecraft:chest":2,"minecraft:shield":48,"minecraft:birch_boat":2,"minecraft:stonecutter":1,"minecraft:rotten_flesh":6,"minecraft:torch":5,"minecraft:glow_berries":6,"minecraft:dirt":27,"minecraft:crafting_table":4,"minecraft:blast_furnace":3,"minecraft:wooden_axe":10,"minecraft:iron_pickaxe":1450,"minecraft:polished_andesite_slab":375,"minecraft:cobblestone":85,"minecraft:furnace":2,"minecraft:andesite":12,"minecraft:cooked_beef":3,"minecraft:cobbled_deepslate":1},"minecraft:picked_up":{"minecraft:wooden_axe":2,"minecraft:birch_log":6,"minecraft:chiseled_deepslate":51,"minecraft:fishing_rod":1,"minecraft:crafting_table":3,"minecraft:cooked_beef":5,"minecraft:andesite":468,"minecraft:birch_planks":3,"minecraft:flint":15,"minecraft:oak_log":19,"minecraft:shield":2,"minecraft:dirt":78,"minecraft:string":20,"minecraft:raw_copper":9,"minecraft:bone":8,"minecraft:oak_sign":2,"minecraft:beetroot":15,"minecraft:cobbled_deepslate":662,"minecraft:bucket":2,"minecraft:iron_ingot":76,"minecraft:iron_pickaxe":5,"minecraft:polished_andesite_slab":15,"minecraft:oak_planks":17,"minecraft:furnace":3,"minecraft:raw_iron":133,"minecraft:stone":66,"minecraft:birch_boat":4,"minecraft:torch":27,"minecraft:axolotl_bucket":1,"minecraft:gravel":144,"minecraft:blast_furnace":1,"minecraft:diorite":28,"minecraft:spider_eye":1,"minecraft:sniffer_egg":1,"minecraft:polished_andesite":32,"minecraft:stone_sword":2,"minecraft:arrow":4,"minecraft:rotten_flesh":21,"minecraft:diamond":5,"minecraft:deepslate":2,"minecraft:tropical_fish":1,"minecraft:glow_berries":6,"minecraft:coal":18,"minecraft:cobblestone":1775,"minecraft:ender_pearl":4},"minecraft:killed":{"minecraft:zombie_villager":1,"minecraft:spider":3,"minecraft:skeleton":3,"minecraft:zombie":18,"minecraft:enderman":1},"minecraft:broken":{"minecraft:stone_sword":1,"minecraft:iron_pickaxe":5,"minecraft:stone_pickaxe":1},"minecraft:crafted":{"minecraft:smooth_stone":6,"minecraft:oak_planks":36,"minecraft:deepslate":1,"minecraft:oak_sign":3,"minecraft:crafting_table":1,"minecraft:wooden_pickaxe":1,"minecraft:birch_boat":1,"minecraft:furnace":2,"minecraft:blast_furnace":2,"minecraft:stone":9,"minecraft:bucket":1,"minecraft:birch_planks":24,"minecraft:polished_andesite_slab":4,"minecraft:air":0,"minecraft:charcoal":2,"minecraft:chiseled_deepslate":51,"minecraft:shield":1,"minecraft:stick":24,"minecraft:iron_ingot":102,"minecraft:iron_pickaxe":8,"minecraft:stone_pickaxe":1,"minecraft:wooden_axe":1,"minecraft:stone_sword":1,"minecraft:stonecutter":1,"minecraft:chest":2},"minecraft:mined":{"minecraft:diamond_ore":4,"minecraft:crafting_table":3,"minecraft:torch":3,"minecraft:cave_vines_plant":5,"minecraft:blast_furnace":1,"minecraft:grass_block":1,"minecraft:copper_ore":2,"minecraft:cobblestone":165,"minecraft:polished_andesite_slab":11,"minecraft:diorite":10,"minecraft:wall_torch":3,"minecraft:sniffer_egg":1,"minecraft:birch_planks":3,"minecraft:magma_block":1,"minecraft:furnace":2,"minecraft:birch_log":6,"minecraft:iron_ore":21,"minecraft:cobbled_deepslate":4,"minecraft:andesite":296,"minecraft:chiseled_deepslate":14,"minecraft:cave_vines":3,"minecraft:coal_ore":10,"minecraft:oak_log":13,"minecraft:gravel":49,"minecraft:dirt":24,"minecraft:stone":717,"minecraft:gold_ore":3,"minecraft:oak_leaves":2,"minecraft:deepslate":331},"minecraft:dropped":{"minecraft:furnace":1,"minecraft:oak_log":2,"minecraft:cobbled_deepslate":6,"minecraft:diamond":12,"minecraft:sniffer_egg":1,"minecraft:rotten_flesh":2,"minecraft:stone":66,"minecraft:andesite":3,"minecraft:axolotl_bucket":1,"minecraft:iron_pickaxe":1,"minecraft:fishing_rod":1},"minecraft:custom":{"minecraft:interact_with_furnace":44,"minecraft:mob_kills":26,"minecraft:interact_with_crafting_table":47,"minecraft:interact_with_stonecutter":18,"minecraft:leave_game":1,"minecraft:time_since_death":23875,"minecraft:time_since_rest":23895,"minecraft:sprint_one_cm":125733,"minecraft:damage_taken":1585,"minecraft:walk_one_cm":484395,"minecraft:damage_blocked_by_shield":1365,"minecraft:drop":15,"minecraft:damage_dealt":5438,"minecraft:swim_one_cm":10785,"minecraft:fly_one_cm":64121,"minecraft:player_kills":1,"minecraft:open_chest":17,"minecraft:crouch_one_cm":23436,"minecraft:play_time":197549,"minecraft:deaths":3,"minecraft:sneak_time":8922,"minecraft:walk_under_water_one_cm":8565,"minecraft:boat_one_cm":15435,"minecraft:jump":881,"minecraft:interact_with_blast_furnace":36,"minecraft:walk_on_water_one_cm":5402,"minecraft:total_world_time":197549,"minecraft:fall_one_cm":14316},"minecraft:killed_by":{"minecraft:skeleton":1,"minecraft:zombie":1}},"DataVersion":3465}