{"stats":{"minecraft:killed":{"minecraft:zombie":1},"minecraft:picked_up":{"minecraft:birch_log":6,"minecraft:crafting_table":3,"minecraft:birch_boat":1,"minecraft:oak_log":13,"minecraft:dirt":3,"minecraft:rotten_flesh":1,"minecraft:cobbled_deepslate":39,"minecraft:furnace":1},"minecraft:custom":{"minecraft:time_since_rest":18000,"minecraft:interact_with_furnace":1,"minecraft:sprint_one_cm":13115,"minecraft:damage_taken":170,"minecraft:walk_one_cm":25089,"minecraft:mob_kills":1,"minecraft:damage_dealt":209,"minecraft:swim_one_cm":10785,"minecraft:interact_with_crafting_table":6,"minecraft:fly_one_cm":12422,"minecraft:crouch_one_cm":17,"minecraft:play_time":18000,"minecraft:sneak_time":123,"minecraft:walk_under_water_one_cm":6877,"minecraft:boat_one_cm":15435,"minecraft:jump":176,"minecraft:walk_on_water_one_cm":759,"minecraft:time_since_death":18000,"minecraft:total_world_time":18000,"minecraft:fall_one_cm":2583},"minecraft:mined":{"minecraft:furnace":1,"minecraft:birch_log":6,"minecraft:crafting_table":3,"minecraft:grass_block":1,"minecraft:oak_log":13,"minecraft:dirt":2,"minecraft:oak_leaves":2,"minecraft:deepslate":39},"minecraft:crafted":{"minecraft:oak_planks":8,"minecraft:crafting_table":1,"minecraft:stick":8,"minecraft:birch_boat":1,"minecraft:wooden_pickaxe":1,"minecraft:stone_pickaxe":1,"minecraft:wooden_axe":1,"minecraft:stone_sword":1,"minecraft:furnace":1,"minecraft:birch_planks":24},"minecraft:used":{"minecraft:wooden_axe":6,"minecraft:stone_pickaxe":23,"minecraft:birch_boat":1,"minecraft:wooden_pickaxe":20,"minecraft:rotten_flesh":1,"minecraft:dirt":2,"minecraft:crafting_table":3,"minecraft:furnace":1}},"DataVersion":3465}