{"stats":{"minecraft:killed":{"minecraft:zombie_villager":1,"minecraft:spider":3,"minecraft:skeleton":1,"minecraft:zombie":13,"minecraft:enderman":1},"minecraft:picked_up":{"minecraft:birch_log":6,"minecraft:fishing_rod":1,"minecraft:crafting_table":3,"minecraft:cooked_beef":3,"minecraft:andesite":12,"minecraft:birch_planks":3,"minecraft:flint":3,"minecraft:oak_log":13,"minecraft:dirt":15,"minecraft:string":5,"minecraft:bone":2,"minecraft:beetroot":15,"minecraft:cobbled_deepslate":139,"minecraft:iron_ingot":56,"minecraft:oak_planks":7,"minecraft:furnace":3,"minecraft:raw_iron":132,"minecraft:stone":66,"minecraft:birch_boat":2,"minecraft:torch":1,"minecraft:axolotl_bucket":1,"minecraft:gravel":20,"minecraft:blast_furnace":1,"minecraft:diorite":6,"minecraft:spider_eye":1,"minecraft:sniffer_egg":1,"minecraft:arrow":1,"minecraft:rotten_flesh":8,"minecraft:diamond":5,"minecraft:tropical_fish":1,"minecraft:glow_berries":6,"minecraft:coal":14,"minecraft:cobblestone":184,"minecraft:ender_pearl":2},"minecraft:custom":{"minecraft:interact_with_furnace":37,"minecraft:mob_kills":19,"minecraft:interact_with_crafting_table":34,"minecraft:time_since_death":96000,"minecraft:time_since_rest":96000,"minecraft:sprint_one_cm":55984,"minecraft:damage_taken":620,"minecraft:walk_one_cm":220701,"minecraft:damage_blocked_by_shield":565,"minecraft:drop":9,"minecraft:damage_dealt":4085,"minecraft:player_kills":1,"minecraft:swim_one_cm":10785,"minecraft:fly_one_cm":39073,"minecraft:open_chest":9,"minecraft:crouch_one_cm":6307,"minecraft:play_time":96000,"minecraft:sneak_time":3523,"minecraft:walk_under_water_one_cm":8565,"minecraft:boat_one_cm":15435,"minecraft:jump":621,"minecraft:interact_with_blast_furnace":36,"minecraft:walk_on_water_one_cm":5402,"minecraft:total_world_time":96000,"minecraft:fall_one_cm":6768},"minecraft:dropped":{"minecraft:furnace":1,"minecraft:sniffer_egg":1,"minecraft:diamond":12,"minecraft:rotten_flesh":2,"minecraft:stone":66,"minecraft:axolotl_bucket":1,"minecraft:fishing_rod":1},"minecraft:crafted":{"minecraft:oak_planks":28,"minecraft:smooth_stone":6,"minecraft:deepslate":1,"minecraft:oak_sign":3,"minecraft:crafting_table":1,"minecraft:wooden_pickaxe":1,"minecraft:birch_boat":1,"minecraft:furnace":2,"minecraft:blast_furnace":2,"minecraft:stone":6,"minecraft:bucket":1,"minecraft:birch_planks":24,"minecraft:air":0,"minecraft:charcoal":2,"minecraft:shield":1,"minecraft:stick":12,"minecraft:iron_ingot":102,"minecraft:iron_pickaxe":1,"minecraft:stone_pickaxe":1,"minecraft:wooden_axe":1,"minecraft:stone_sword":1,"minecraft:chest":2},"minecraft:mined":{"minecraft:diamond_ore":4,"minecraft:crafting_table":3,"minecraft:cave_vines_plant":5,"minecraft:blast_furnace":1,"minecraft:grass_block":1,"minecraft:cobblestone":5,"minecraft:diorite":6,"minecraft:sniffer_egg":1,"minecraft:birch_planks":3,"minecraft:magma_block":1,"minecraft:furnace":2,"minecraft:birch_log":6,"minecraft:iron_ore":20,"minecraft:cobbled_deepslate":1,"minecraft:andesite":12,"minecraft:oak_log":13,"minecraft:coal_ore":10,"minecraft:cave_vines":3,"minecraft:gravel":19,"minecraft:dirt":9,"minecraft:stone":140,"minecraft:oak_leaves":2,"minecraft:deepslate":108},"minecraft:used":{"minecraft:stone_sword":109,"minecraft:birch_planks":3,"minecraft:tropical_fish":1,"minecraft:stone_pickaxe":124,"minecraft:oak_sign":2,"minecraft:chest":2,"minecraft:ender_pearl":1,"minecraft:wooden_pickaxe":33,"minecraft:birch_boat":2,"minecraft:shield":19,"minecraft:rotten_flesh":6,"minecraft:glow_berries":6,"minecraft:dirt":3,"minecraft:crafting_table":4,"minecraft:blast_furnace":3,"minecraft:wooden_axe":10,"minecraft:iron_pickaxe":159,"minecraft:cobblestone":68,"minecraft:furnace":2,"minecraft:cooked_beef":2}},"DataVersion":3465}