{"stats":{"minecraft:killed":{"minecraft:skeleton":1,"minecraft:zombie":6,"minecraft:spider":3},"minecraft:picked_up":{"minecraft:birch_log":6,"minecraft:raw_iron":83,"minecraft:crafting_table":3,"minecraft:birch_boat":2,"minecraft:gravel":1,"minecraft:birch_planks":3,"minecraft:oak_log":13,"minecraft:spider_eye":1,"minecraft:string":5,"minecraft:dirt":3,"minecraft:arrow":1,"minecraft:bone":2,"minecraft:rotten_flesh":6,"minecraft:tropical_fish":1,"minecraft:cobbled_deepslate":45,"minecraft:glow_berries":6,"minecraft:coal":8,"minecraft:oak_planks":2,"minecraft:cobblestone":21,"minecraft:furnace":2},"minecraft:custom":{"minecraft:time_since_rest":42000,"minecraft:interact_with_furnace":24,"minecraft:sprint_one_cm":35834,"minecraft:damage_taken":320,"minecraft:walk_one_cm":111691,"minecraft:damage_blocked_by_shield":490,"minecraft:mob_kills":10,"minecraft:damage_dealt":1796,"minecraft:swim_one_cm":10785,"minecraft:interact_with_crafting_table":18,"minecraft:fly_one_cm":24718,"minecraft:crouch_one_cm":1646,"minecraft:play_time":42000,"minecraft:sneak_time":1364,"minecraft:walk_under_water_one_cm":8565,"minecraft:boat_one_cm":15435,"minecraft:jump":345,"minecraft:interact_with_blast_furnace":22,"minecraft:walk_on_water_one_cm":4928,"minecraft:time_since_death":42000,"minecraft:total_world_time":42000,"minecraft:fall_one_cm":3210},"minecraft:crafted":{"minecraft:smooth_stone":3,"minecraft:oak_planks":8,"minecraft:deepslate":1,"minecraft:charcoal":2,"minecraft:shield":1,"minecraft:crafting_table":1,"minecraft:stick":8,"minecraft:iron_ingot":71,"minecraft:birch_boat":1,"minecraft:wooden_pickaxe":1,"minecraft:stone_pickaxe":1,"minecraft:wooden_axe":1,"minecraft:stone_sword":1,"minecraft:furnace":1,"minecraft:blast_furnace":1,"minecraft:stone":3,"minecraft:birch_planks":24,"minecraft:air":0},"minecraft:mined":{"minecraft:birch_planks":3,"minecraft:furnace":2,"minecraft:iron_ore":19,"minecraft:birch_log":6,"minecraft:cave_vines_plant":5,"minecraft:crafting_table":3,"minecraft:coal_ore":10,"minecraft:grass_block":1,"minecraft:oak_log":13,"minecraft:cave_vines":3,"minecraft:gravel":1,"minecraft:dirt":2,"minecraft:stone":22,"minecraft:oak_leaves":2,"minecraft:deepslate":45},"minecraft:used":{"minecraft:wooden_axe":9,"minecraft:stone_sword":46,"minecraft:tropical_fish":1,"minecraft:birch_planks":3,"minecraft:stone_pickaxe":81,"minecraft:shield":16,"minecraft:birch_boat":2,"minecraft:wooden_pickaxe":20,"minecraft:rotten_flesh":6,"minecraft:glow_berries":6,"minecraft:dirt":3,"minecraft:cobblestone":9,"minecraft:crafting_table":4,"minecraft:furnace":2,"minecraft:blast_furnace":1}},"DataVersion":3465}