{"stats":{"minecraft:killed":{"minecraft:zombie":2},"minecraft:picked_up":{"minecraft:birch_log":6,"minecraft:raw_iron":72,"minecraft:crafting_table":3,"minecraft:birch_boat":1,"minecraft:birch_planks":3,"minecraft:oak_log":13,"minecraft:dirt":3,"minecraft:rotten_flesh":3,"minecraft:tropical_fish":1,"minecraft:cobbled_deepslate":39,"minecraft:glow_berries":5,"minecraft:coal":1,"minecraft:oak_planks":2,"minecraft:cobblestone":9,"minecraft:furnace":2},"minecraft:custom":{"minecraft:time_since_rest":30000,"minecraft:interact_with_furnace":23,"minecraft:sprint_one_cm":19707,"minecraft:damage_taken":210,"minecraft:walk_one_cm":58384,"minecraft:mob_kills":2,"minecraft:damage_dealt":519,"minecraft:swim_one_cm":10785,"minecraft:interact_with_crafting_table":14,"minecraft:fly_one_cm":16006,"minecraft:crouch_one_cm":93,"minecraft:play_time":30000,"minecraft:sneak_time":202,"minecraft:walk_under_water_one_cm":8565,"minecraft:boat_one_cm":15435,"minecraft:jump":221,"minecraft:interact_with_blast_furnace":13,"minecraft:walk_on_water_one_cm":3034,"minecraft:time_since_death":30000,"minecraft:total_world_time":30000,"minecraft:fall_one_cm":2792},"minecraft:crafted":{"minecraft:smooth_stone":3,"minecraft:oak_planks":8,"minecraft:deepslate":1,"minecraft:charcoal":2,"minecraft:crafting_table":1,"minecraft:stick":8,"minecraft:iron_ingot":49,"minecraft:birch_boat":1,"minecraft:wooden_pickaxe":1,"minecraft:stone_pickaxe":1,"minecraft:wooden_axe":1,"minecraft:stone_sword":1,"minecraft:furnace":1,"minecraft:blast_furnace":1,"minecraft:stone":3,"minecraft:birch_planks":24,"minecraft:air":0},"minecraft:mined":{"minecraft:birch_planks":3,"minecraft:furnace":2,"minecraft:iron_ore":8,"minecraft:birch_log":6,"minecraft:cave_vines_plant":5,"minecraft:crafting_table":3,"minecraft:grass_block":1,"minecraft:oak_log":13,"minecraft:cave_vines":3,"minecraft:dirt":2,"minecraft:stone":9,"minecraft:oak_leaves":2,"minecraft:deepslate":39},"minecraft:used":{"minecraft:wooden_axe":9,"minecraft:stone_sword":8,"minecraft:birch_planks":3,"minecraft:stone_pickaxe":41,"minecraft:birch_boat":1,"minecraft:wooden_pickaxe":20,"minecraft:rotten_flesh":3,"minecraft:glow_berries":3,"minecraft:dirt":3,"minecraft:crafting_table":3,"minecraft:furnace":2,"minecraft:blast_furnace":1}},"DataVersion":3465}