{"stats":{"minecraft:picked_up":{"minecraft:birch_log":6},"minecraft:custom":{"minecraft:jump":72,"minecraft:time_since_rest":6000,"minecraft:damage_dealt":10,"minecraft:walk_on_water_one_cm":229,"minecraft:sprint_one_cm":10506,"minecraft:play_time":6000,"minecraft:damage_taken":20,"minecraft:time_since_death":6000,"minecraft:walk_one_cm":8204,"minecraft:sneak_time":23,"minecraft:total_world_time":6000,"minecraft:walk_under_water_one_cm":4109,"minecraft:swim_one_cm":9059,"minecraft:fall_one_cm":1360,"minecraft:fly_one_cm":8566},"minecraft:crafted":{"minecraft:birch_planks":24,"minecraft:crafting_table":1},"minecraft:mined":{"minecraft:birch_log":6}},"DataVersion":3465}