{"stats":{"minecraft:killed":{"minecraft:zombie_villager":1,"minecraft:spider":3,"minecraft:skeleton":2,"minecraft:zombie":16,"minecraft:enderman":1},"minecraft:picked_up":{"minecraft:chiseled_deepslate":48,"minecraft:birch_log":6,"minecraft:fishing_rod":1,"minecraft:crafting_table":3,"minecraft:cooked_beef":5,"minecraft:andesite":441,"minecraft:birch_planks":3,"minecraft:flint":15,"minecraft:oak_log":17,"minecraft:shield":2,"minecraft:dirt":75,"minecraft:string":15,"minecraft:bone":7,"minecraft:oak_sign":2,"minecraft:beetroot":15,"minecraft:cobbled_deepslate":656,"minecraft:bucket":2,"minecraft:iron_ingot":76,"minecraft:iron_pickaxe":5,"minecraft:polished_andesite_slab":12,"minecraft:oak_planks":17,"minecraft:furnace":3,"minecraft:raw_iron":132,"minecraft:stone":66,"minecraft:birch_boat":4,"minecraft:torch":27,"minecraft:axolotl_bucket":1,"minecraft:gravel":144,"minecraft:blast_furnace":1,"minecraft:diorite":28,"minecraft:spider_eye":1,"minecraft:stone_sword":2,"minecraft:sniffer_egg":1,"minecraft:polished_andesite":32,"minecraft:arrow":3,"minecraft:deepslate":2,"minecraft:rotten_flesh":19,"minecraft:diamond":5,"minecraft:tropical_fish":1,"minecraft:glow_berries":6,"minecraft:coal":18,"minecraft:wooden_axe":2,"minecraft:cobblestone":1641,"minecraft:ender_pearl":4},"minecraft:custom":{"minecraft:interact_with_furnace":44,"minecraft:mob_kills":23,"minecraft:interact_with_crafting_table":44,"minecraft:interact_with_stonecutter":13,"minecraft:leave_game":1,"minecraft:time_since_death":5875,"minecraft:time_since_rest":5895,"minecraft:sprint_one_cm":108073,"minecraft:damage_taken":1400,"minecraft:walk_one_cm":433618,"minecraft:damage_blocked_by_shield":915,"minecraft:drop":12,"minecraft:damage_dealt":4885,"minecraft:player_kills":1,"minecraft:swim_one_cm":10785,"minecraft:fly_one_cm":58561,"minecraft:open_chest":14,"minecraft:crouch_one_cm":14314,"minecraft:play_time":179549,"minecraft:deaths":3,"minecraft:sneak_time":5279,"minecraft:walk_under_water_one_cm":8565,"minecraft:boat_one_cm":15435,"minecraft:jump":754,"minecraft:interact_with_blast_furnace":36,"minecraft:walk_on_water_one_cm":5402,"minecraft:total_world_time":179549,"minecraft:fall_one_cm":12938},"minecraft:dropped":{"minecraft:furnace":1,"minecraft:oak_log":2,"minecraft:cobbled_deepslate":6,"minecraft:sniffer_egg":1,"minecraft:diamond":12,"minecraft:rotten_flesh":2,"minecraft:stone":66,"minecraft:axolotl_bucket":1,"minecraft:iron_pickaxe":1,"minecraft:fishing_rod":1},"minecraft:crafted":{"minecraft:oak_planks":36,"minecraft:smooth_stone":6,"minecraft:deepslate":1,"minecraft:oak_sign":3,"minecraft:crafting_table":1,"minecraft:wooden_pickaxe":1,"minecraft:birch_boat":1,"minecraft:furnace":2,"minecraft:blast_furnace":2,"minecraft:stone":9,"minecraft:bucket":1,"minecraft:birch_planks":24,"minecraft:polished_andesite_slab":4,"minecraft:air":0,"minecraft:chiseled_deepslate":14,"minecraft:charcoal":2,"minecraft:shield":1,"minecraft:stick":20,"minecraft:iron_ingot":102,"minecraft:iron_pickaxe":6,"minecraft:stone_pickaxe":1,"minecraft:wooden_axe":1,"minecraft:stone_sword":1,"minecraft:chest":2,"minecraft:stonecutter":1},"minecraft:mined":{"minecraft:diamond_ore":4,"minecraft:crafting_table":3,"minecraft:torch":3,"minecraft:cave_vines_plant":5,"minecraft:blast_furnace":1,"minecraft:grass_block":1,"minecraft:polished_andesite_slab":8,"minecraft:cobblestone":165,"minecraft:diorite":10,"minecraft:wall_torch":3,"minecraft:sniffer_egg":1,"minecraft:birch_planks":3,"minecraft:magma_block":1,"minecraft:furnace":2,"minecraft:birch_log":6,"minecraft:iron_ore":20,"minecraft:cobbled_deepslate":3,"minecraft:andesite":267,"minecraft:chiseled_deepslate":11,"minecraft:oak_log":13,"minecraft:coal_ore":10,"minecraft:cave_vines":3,"minecraft:gravel":49,"minecraft:dirt":21,"minecraft:stone":572,"minecraft:gold_ore":3,"minecraft:oak_leaves":2,"minecraft:deepslate":330},"minecraft:broken":{"minecraft:stone_pickaxe":1,"minecraft:iron_pickaxe":4},"minecraft:used":{"minecraft:diorite":1,"minecraft:stone_sword":126,"minecraft:chiseled_deepslate":217,"minecraft:birch_planks":3,"minecraft:tropical_fish":1,"minecraft:stone_pickaxe":130,"minecraft:oak_sign":2,"minecraft:chest":2,"minecraft:ender_pearl":1,"minecraft:wooden_pickaxe":33,"minecraft:birch_boat":2,"minecraft:shield":31,"minecraft:stonecutter":1,"minecraft:rotten_flesh":6,"minecraft:torch":5,"minecraft:glow_berries":6,"minecraft:dirt":3,"minecraft:crafting_table":4,"minecraft:blast_furnace":3,"minecraft:wooden_axe":10,"minecraft:iron_pickaxe":1258,"minecraft:polished_andesite_slab":300,"minecraft:cobblestone":79,"minecraft:furnace":2,"minecraft:andesite":11,"minecraft:cooked_beef":2},"minecraft:killed_by":{"minecraft:skeleton":1,"minecraft:zombie":1}},"DataVersion":3465}