{"stats":{"minecraft:killed":{"minecraft:zombie_villager":1,"minecraft:spider":3,"minecraft:skeleton":1,"minecraft:zombie":11,"minecraft:enderman":1},"minecraft:picked_up":{"minecraft:birch_log":6,"minecraft:fishing_rod":1,"minecraft:crafting_table":3,"minecraft:cooked_beef":3,"minecraft:andesite":8,"minecraft:birch_planks":3,"minecraft:flint":2,"minecraft:oak_log":13,"minecraft:dirt":4,"minecraft:string":5,"minecraft:bone":2,"minecraft:cobbled_deepslate":56,"minecraft:iron_ingot":56,"minecraft:oak_planks":2,"minecraft:furnace":2,"minecraft:raw_iron":84,"minecraft:stone":66,"minecraft:birch_boat":2,"minecraft:axolotl_bucket":1,"minecraft:gravel":2,"minecraft:blast_furnace":1,"minecraft:diorite":6,"minecraft:spider_eye":1,"minecraft:arrow":1,"minecraft:rotten_flesh":8,"minecraft:diamond":1,"minecraft:tropical_fish":1,"minecraft:glow_berries":6,"minecraft:coal":14,"minecraft:cobblestone":48,"minecraft:ender_pearl":2},"minecraft:custom":{"minecraft:interact_with_furnace":36,"minecraft:mob_kills":17,"minecraft:interact_with_crafting_table":32,"minecraft:time_since_death":84000,"minecraft:time_since_rest":84000,"minecraft:sprint_one_cm":47965,"minecraft:damage_taken":560,"minecraft:walk_one_cm":173329,"minecraft:damage_blocked_by_shield":565,"minecraft:drop":6,"minecraft:damage_dealt":3384,"minecraft:swim_one_cm":10785,"minecraft:fly_one_cm":35068,"minecraft:open_chest":5,"minecraft:crouch_one_cm":3667,"minecraft:play_time":84000,"minecraft:sneak_time":3126,"minecraft:walk_under_water_one_cm":8565,"minecraft:boat_one_cm":15435,"minecraft:jump":522,"minecraft:interact_with_blast_furnace":35,"minecraft:walk_on_water_one_cm":5402,"minecraft:total_world_time":84000,"minecraft:fall_one_cm":5872},"minecraft:dropped":{"minecraft:diamond":1,"minecraft:rotten_flesh":2,"minecraft:stone":66,"minecraft:axolotl_bucket":1,"minecraft:fishing_rod":1},"minecraft:mined":{"minecraft:crafting_table":3,"minecraft:cave_vines_plant":5,"minecraft:blast_furnace":1,"minecraft:grass_block":1,"minecraft:cobblestone":2,"minecraft:diorite":6,"minecraft:birch_planks":3,"minecraft:furnace":2,"minecraft:birch_log":6,"minecraft:iron_ore":20,"minecraft:andesite":8,"minecraft:oak_log":13,"minecraft:coal_ore":10,"minecraft:cave_vines":3,"minecraft:gravel":2,"minecraft:dirt":3,"minecraft:stone":45,"minecraft:oak_leaves":2,"minecraft:deepslate":56},"minecraft:crafted":{"minecraft:oak_planks":24,"minecraft:smooth_stone":6,"minecraft:deepslate":1,"minecraft:oak_sign":3,"minecraft:crafting_table":1,"minecraft:wooden_pickaxe":1,"minecraft:birch_boat":1,"minecraft:furnace":2,"minecraft:blast_furnace":2,"minecraft:stone":6,"minecraft:bucket":1,"minecraft:birch_planks":24,"minecraft:air":0,"minecraft:charcoal":2,"minecraft:shield":1,"minecraft:stick":12,"minecraft:iron_ingot":102,"minecraft:iron_pickaxe":1,"minecraft:stone_pickaxe":1,"minecraft:wooden_axe":1,"minecraft:stone_sword":1,"minecraft:chest":1},"minecraft:used":{"minecraft:stone_sword":97,"minecraft:birch_planks":3,"minecraft:tropical_fish":1,"minecraft:stone_pickaxe":124,"minecraft:oak_sign":2,"minecraft:chest":1,"minecraft:ender_pearl":1,"minecraft:wooden_pickaxe":30,"minecraft:birch_boat":2,"minecraft:shield":19,"minecraft:rotten_flesh":6,"minecraft:glow_berries":6,"minecraft:dirt":3,"minecraft:crafting_table":4,"minecraft:blast_furnace":2,"minecraft:wooden_axe":9,"minecraft:cobblestone":16,"minecraft:furnace":2,"minecraft:cooked_beef":1}},"DataVersion":3465}