{"stats":{"minecraft:killed":{"minecraft:zombie_villager":1,"minecraft:spider":3,"minecraft:skeleton":1,"minecraft:zombie":16,"minecraft:enderman":1},"minecraft:picked_up":{"minecraft:chiseled_deepslate":7,"minecraft:birch_log":6,"minecraft:fishing_rod":1,"minecraft:crafting_table":3,"minecraft:cooked_beef":4,"minecraft:andesite":301,"minecraft:birch_planks":3,"minecraft:flint":10,"minecraft:oak_log":15,"minecraft:shield":1,"minecraft:dirt":51,"minecraft:string":10,"minecraft:bone":4,"minecraft:oak_sign":1,"minecraft:beetroot":15,"minecraft:cobbled_deepslate":516,"minecraft:bucket":1,"minecraft:iron_ingot":66,"minecraft:iron_pickaxe":3,"minecraft:polished_andesite_slab":12,"minecraft:oak_planks":12,"minecraft:furnace":3,"minecraft:raw_iron":132,"minecraft:stone":66,"minecraft:birch_boat":3,"minecraft:torch":16,"minecraft:axolotl_bucket":1,"minecraft:gravel":96,"minecraft:blast_furnace":1,"minecraft:diorite":19,"minecraft:spider_eye":1,"minecraft:stone_sword":1,"minecraft:sniffer_egg":1,"minecraft:polished_andesite":32,"minecraft:arrow":1,"minecraft:deepslate":1,"minecraft:rotten_flesh":15,"minecraft:diamond":5,"minecraft:tropical_fish":1,"minecraft:glow_berries":6,"minecraft:coal":16,"minecraft:wooden_axe":1,"minecraft:cobblestone":1059,"minecraft:ender_pearl":3},"minecraft:custom":{"minecraft:interact_with_furnace":43,"minecraft:mob_kills":22,"minecraft:interact_with_crafting_table":44,"minecraft:interact_with_stonecutter":11,"minecraft:time_since_death":13736,"minecraft:time_since_rest":13756,"minecraft:sprint_one_cm":101139,"minecraft:damage_taken":1135,"minecraft:walk_one_cm":378617,"minecraft:damage_blocked_by_shield":565,"minecraft:drop":11,"minecraft:damage_dealt":4684,"minecraft:player_kills":1,"minecraft:swim_one_cm":10785,"minecraft:fly_one_cm":54216,"minecraft:open_chest":13,"minecraft:crouch_one_cm":14314,"minecraft:play_time":153862,"minecraft:deaths":2,"minecraft:sneak_time":5279,"minecraft:walk_under_water_one_cm":8565,"minecraft:boat_one_cm":15435,"minecraft:jump":731,"minecraft:interact_with_blast_furnace":36,"minecraft:walk_on_water_one_cm":5402,"minecraft:total_world_time":153862,"minecraft:fall_one_cm":11984},"minecraft:dropped":{"minecraft:furnace":1,"minecraft:cobbled_deepslate":6,"minecraft:sniffer_egg":1,"minecraft:diamond":12,"minecraft:rotten_flesh":2,"minecraft:stone":66,"minecraft:axolotl_bucket":1,"minecraft:iron_pickaxe":1,"minecraft:fishing_rod":1},"minecraft:crafted":{"minecraft:oak_planks":36,"minecraft:smooth_stone":6,"minecraft:deepslate":1,"minecraft:oak_sign":3,"minecraft:crafting_table":1,"minecraft:wooden_pickaxe":1,"minecraft:birch_boat":1,"minecraft:furnace":2,"minecraft:blast_furnace":2,"minecraft:stone":9,"minecraft:bucket":1,"minecraft:birch_planks":24,"minecraft:polished_andesite_slab":4,"minecraft:air":0,"minecraft:charcoal":2,"minecraft:shield":1,"minecraft:stick":20,"minecraft:iron_ingot":102,"minecraft:iron_pickaxe":6,"minecraft:stone_pickaxe":1,"minecraft:wooden_axe":1,"minecraft:stone_sword":1,"minecraft:chest":2,"minecraft:stonecutter":1},"minecraft:mined":{"minecraft:diamond_ore":4,"minecraft:crafting_table":3,"minecraft:torch":3,"minecraft:cave_vines_plant":5,"minecraft:blast_furnace":1,"minecraft:grass_block":1,"minecraft:polished_andesite_slab":8,"minecraft:cobblestone":125,"minecraft:diorite":10,"minecraft:wall_torch":2,"minecraft:sniffer_egg":1,"minecraft:birch_planks":3,"minecraft:magma_block":1,"minecraft:furnace":2,"minecraft:birch_log":6,"minecraft:iron_ore":20,"minecraft:cobbled_deepslate":3,"minecraft:andesite":239,"minecraft:chiseled_deepslate":3,"minecraft:oak_log":13,"minecraft:coal_ore":10,"minecraft:cave_vines":3,"minecraft:gravel":49,"minecraft:dirt":21,"minecraft:stone":505,"minecraft:oak_leaves":2,"minecraft:deepslate":318},"minecraft:broken":{"minecraft:stone_pickaxe":1,"minecraft:iron_pickaxe":4},"minecraft:used":{"minecraft:diorite":1,"minecraft:stone_sword":116,"minecraft:chiseled_deepslate":151,"minecraft:birch_planks":3,"minecraft:tropical_fish":1,"minecraft:stone_pickaxe":130,"minecraft:oak_sign":2,"minecraft:chest":2,"minecraft:ender_pearl":1,"minecraft:wooden_pickaxe":33,"minecraft:birch_boat":2,"minecraft:shield":19,"minecraft:stonecutter":1,"minecraft:rotten_flesh":6,"minecraft:torch":5,"minecraft:glow_berries":6,"minecraft:dirt":3,"minecraft:crafting_table":4,"minecraft:blast_furnace":3,"minecraft:wooden_axe":10,"minecraft:iron_pickaxe":1099,"minecraft:polished_andesite_slab":300,"minecraft:cobblestone":76,"minecraft:furnace":2,"minecraft:andesite":11,"minecraft:cooked_beef":2},"minecraft:killed_by":{"minecraft:zombie":1}},"DataVersion":3465}