{"stats":{"minecraft:killed":{"minecraft:pig":4,"minecraft:sheep":3,"minecraft:chicken":2},"minecraft:picked_up":{"minecraft:birch_log":96,"minecraft:crafting_table":8,"minecraft:feather":3,"minecraft:chicken":2,"minecraft:oak_log":11,"minecraft:dirt":5,"minecraft:raw_copper":69,"minecraft:dark_oak_sapling":1,"minecraft:stick":2,"minecraft:sweet_berries":13,"minecraft:gravel":2,"minecraft:porkchop":9,"minecraft:spruce_sapling":1,"minecraft:spruce_log":176,"minecraft:dark_oak_log":57,"minecraft:dark_oak_planks":4,"minecraft:mutton":6,"minecraft:coal":18,"minecraft:white_wool":4,"minecraft:cobblestone":16},"minecraft:custom":{"minecraft:interact_with_furnace":1,"minecraft:mob_kills":9,"minecraft:interact_with_crafting_table":10,"minecraft:leave_game":2,"minecraft:time_since_death":28613,"minecraft:time_since_rest":28633,"minecraft:sprint_one_cm":51201,"minecraft:damage_taken":610,"minecraft:walk_one_cm":56531,"minecraft:drop":12,"minecraft:damage_dealt":796,"minecraft:swim_one_cm":39966,"minecraft:fly_one_cm":33232,"minecraft:crouch_one_cm":1529,"minecraft:play_time":44912,"minecraft:deaths":1,"minecraft:sneak_time":945,"minecraft:walk_under_water_one_cm":6416,"minecraft:jump":466,"minecraft:walk_on_water_one_cm":5351,"minecraft:total_world_time":44912,"minecraft:fall_one_cm":13252},"minecraft:dropped":{"minecraft:raw_copper":60,"minecraft:crafting_table":3,"minecraft:cobblestone":2,"minecraft:dirt":2},"minecraft:broken":{"minecraft:iron_axe":1},"minecraft:crafted":{"minecraft:oak_planks":28,"minecraft:crafting_table":2,"minecraft:spruce_planks":700,"minecraft:wooden_pickaxe":1,"minecraft:birch_planks":56,"minecraft:stone_axe":1,"minecraft:iron_axe":2,"minecraft:stick":24,"minecraft:iron_pickaxe":1,"minecraft:stone_pickaxe":1,"minecraft:dark_oak_planks":228},"minecraft:mined":{"minecraft:dark_oak_planks":4,"minecraft:dark_oak_leaves":4,"minecraft:dark_oak_log":58,"minecraft:crafting_table":5,"minecraft:grass_block":1,"minecraft:copper_ore":20,"minecraft:spruce_leaves":14,"minecraft:birch_log":98,"minecraft:sweet_berry_bush":3,"minecraft:spruce_log":176,"minecraft:grass":1,"minecraft:oak_log":11,"minecraft:coal_ore":18,"minecraft:gravel":2,"minecraft:dirt":2,"minecraft:red_mushroom_block":2,"minecraft:stone":19,"minecraft:white_wool":1,"minecraft:oak_leaves":3,"minecraft:fern":4},"minecraft:used":{"minecraft:stone_pickaxe":1,"minecraft:wooden_pickaxe":12,"minecraft:white_wool":1,"minecraft:dirt":1,"minecraft:mutton":1,"minecraft:crafting_table":4,"minecraft:spruce_log":1,"minecraft:dark_oak_planks":10,"minecraft:iron_axe":262,"minecraft:chicken":2,"minecraft:iron_pickaxe":44,"minecraft:spruce_sapling":1,"minecraft:gravel":2,"minecraft:stone_axe":121,"minecraft:cobblestone":1,"minecraft:sweet_berries":9,"minecraft:porkchop":7,"minecraft:birch_log":3,"minecraft:dark_oak_sapling":1},"minecraft:killed_by":{"minecraft:spider":1}},"DataVersion":3465}