{"stats":{"minecraft:killed":{"minecraft:pig":4,"minecraft:sheep":3,"minecraft:chicken":2},"minecraft:picked_up":{"minecraft:birch_log":101,"minecraft:birch_door":1,"minecraft:crafting_table":9,"minecraft:feather":3,"minecraft:chicken":2,"minecraft:oak_log":11,"minecraft:dirt":7,"minecraft:raw_copper":69,"minecraft:dark_oak_sapling":1,"minecraft:stick":2,"minecraft:sweet_berries":13,"minecraft:gravel":2,"minecraft:porkchop":9,"minecraft:spruce_sapling":1,"minecraft:spruce_log":176,"minecraft:dark_oak_log":57,"minecraft:dark_oak_planks":4,"minecraft:mutton":6,"minecraft:coal":18,"minecraft:white_wool":4,"minecraft:cobblestone":18},"minecraft:custom":{"minecraft:interact_with_furnace":1,"minecraft:mob_kills":9,"minecraft:interact_with_crafting_table":12,"minecraft:leave_game":2,"minecraft:time_since_death":7792,"minecraft:time_since_rest":7812,"minecraft:sprint_one_cm":60295,"minecraft:damage_taken":1065,"minecraft:walk_one_cm":61892,"minecraft:drop":16,"minecraft:damage_dealt":805,"minecraft:swim_one_cm":100273,"minecraft:fly_one_cm":38611,"minecraft:open_chest":1,"minecraft:crouch_one_cm":1607,"minecraft:play_time":56806,"minecraft:deaths":2,"minecraft:sneak_time":1234,"minecraft:walk_under_water_one_cm":18457,"minecraft:jump":522,"minecraft:walk_on_water_one_cm":10904,"minecraft:total_world_time":56806,"minecraft:fall_one_cm":16324},"minecraft:dropped":{"minecraft:cooked_beef":3,"minecraft:raw_copper":69,"minecraft:crafting_table":3,"minecraft:cobblestone":2,"minecraft:dirt":2},"minecraft:broken":{"minecraft:iron_axe":1},"minecraft:crafted":{"minecraft:oak_planks":28,"minecraft:crafting_table":2,"minecraft:spruce_planks":700,"minecraft:wooden_pickaxe":1,"minecraft:birch_planks":76,"minecraft:stone_axe":1,"minecraft:iron_axe":2,"minecraft:stick":24,"minecraft:iron_pickaxe":1,"minecraft:stone_pickaxe":1,"minecraft:birch_door":9,"minecraft:dark_oak_planks":228},"minecraft:mined":{"minecraft:dark_oak_planks":4,"minecraft:dark_oak_leaves":4,"minecraft:dark_oak_log":58,"minecraft:crafting_table":6,"minecraft:grass_block":2,"minecraft:copper_ore":20,"minecraft:spruce_leaves":14,"minecraft:birch_log":103,"minecraft:sweet_berry_bush":3,"minecraft:spruce_log":176,"minecraft:birch_door":2,"minecraft:grass":1,"minecraft:oak_log":11,"minecraft:coal_ore":18,"minecraft:gravel":2,"minecraft:dirt":3,"minecraft:red_mushroom_block":2,"minecraft:stone":23,"minecraft:white_wool":1,"minecraft:oak_leaves":3,"minecraft:fern":4},"minecraft:used":{"minecraft:stone_pickaxe":1,"minecraft:wooden_pickaxe":12,"minecraft:white_wool":1,"minecraft:dirt":3,"minecraft:mutton":3,"minecraft:crafting_table":5,"minecraft:spruce_log":1,"minecraft:birch_door":3,"minecraft:dark_oak_planks":10,"minecraft:iron_axe":269,"minecraft:chicken":2,"minecraft:iron_pickaxe":48,"minecraft:spruce_sapling":1,"minecraft:gravel":2,"minecraft:stone_axe":121,"minecraft:cobblestone":1,"minecraft:sweet_berries":9,"minecraft:porkchop":9,"minecraft:birch_log":3,"minecraft:cooked_beef":1,"minecraft:dark_oak_sapling":1},"minecraft:killed_by":{"minecraft:spider":1}},"DataVersion":3465}