{"stats":{"minecraft:picked_up":{"minecraft:raw_copper":5,"minecraft:crafting_table":1,"minecraft:oak_log":11,"minecraft:dark_oak_log":2,"minecraft:dirt":4,"minecraft:cobblestone":9},"minecraft:custom":{"minecraft:time_since_rest":6000,"minecraft:play_time":6000,"minecraft:sprint_one_cm":3659,"minecraft:damage_taken":170,"minecraft:walk_one_cm":9443,"minecraft:sneak_time":14,"minecraft:walk_under_water_one_cm":925,"minecraft:drop":7,"minecraft:jump":50,"minecraft:time_since_death":6000,"minecraft:walk_on_water_one_cm":1864,"minecraft:total_world_time":6000,"minecraft:swim_one_cm":18021,"minecraft:interact_with_crafting_table":3,"minecraft:fall_one_cm":1590,"minecraft:fly_one_cm":3545},"minecraft:dropped":{"minecraft:dirt":2,"minecraft:raw_copper":5},"minecraft:crafted":{"minecraft:oak_planks":28,"minecraft:stone_axe":1,"minecraft:crafting_table":1,"minecraft:stick":8,"minecraft:stone_pickaxe":1,"minecraft:wooden_pickaxe":1},"minecraft:mined":{"minecraft:grass_block":1,"minecraft:oak_log":11,"minecraft:dirt":1,"minecraft:dark_oak_leaves":1,"minecraft:copper_ore":1,"minecraft:dark_oak_log":2,"minecraft:red_mushroom_block":2,"minecraft:stone":12,"minecraft:crafting_table":1,"minecraft:oak_leaves":3},"minecraft:used":{"minecraft:stone_axe":10,"minecraft:cobblestone":1,"minecraft:crafting_table":1,"minecraft:stone_pickaxe":1,"minecraft:wooden_pickaxe":12}},"DataVersion":3465}