{"stats":{"minecraft:killed":{"minecraft:sheep":2,"minecraft:pig":2,"minecraft:chicken":2},"minecraft:picked_up":{"minecraft:birch_log":81,"minecraft:stick":2,"minecraft:crafting_table":1,"minecraft:feather":3,"minecraft:chicken":2,"minecraft:porkchop":4,"minecraft:oak_log":11,"minecraft:dark_oak_log":18,"minecraft:dirt":4,"minecraft:raw_copper":5,"minecraft:mutton":4,"minecraft:white_wool":3,"minecraft:cobblestone":9},"minecraft:custom":{"minecraft:time_since_rest":1702,"minecraft:sprint_one_cm":22188,"minecraft:damage_taken":410,"minecraft:walk_one_cm":25269,"minecraft:mob_kills":6,"minecraft:drop":9,"minecraft:damage_dealt":516,"minecraft:interact_with_crafting_table":3,"minecraft:swim_one_cm":24718,"minecraft:fly_one_cm":13305,"minecraft:crouch_one_cm":669,"minecraft:play_time":17981,"minecraft:deaths":1,"minecraft:sneak_time":418,"minecraft:walk_under_water_one_cm":993,"minecraft:jump":181,"minecraft:walk_on_water_one_cm":2927,"minecraft:time_since_death":1682,"minecraft:total_world_time":17981,"minecraft:fall_one_cm":6330},"minecraft:dropped":{"minecraft:dirt":2,"minecraft:raw_copper":5,"minecraft:cobblestone":2},"minecraft:mined":{"minecraft:dark_oak_leaves":3,"minecraft:birch_log":83,"minecraft:dark_oak_log":18,"minecraft:crafting_table":1,"minecraft:grass":1,"minecraft:grass_block":1,"minecraft:oak_log":11,"minecraft:dirt":1,"minecraft:copper_ore":1,"minecraft:red_mushroom_block":2,"minecraft:stone":12,"minecraft:white_wool":1,"minecraft:oak_leaves":3},"minecraft:crafted":{"minecraft:oak_planks":28,"minecraft:crafting_table":1,"minecraft:stick":8,"minecraft:wooden_pickaxe":1,"minecraft:stone_pickaxe":1,"minecraft:dark_oak_planks":72,"minecraft:stone_axe":1},"minecraft:used":{"minecraft:dark_oak_planks":6,"minecraft:chicken":2,"minecraft:stone_pickaxe":1,"minecraft:wooden_pickaxe":12,"minecraft:stone_axe":121,"minecraft:white_wool":1,"minecraft:mutton":1,"minecraft:cobblestone":1,"minecraft:crafting_table":1,"minecraft:porkchop":4,"minecraft:birch_log":2},"minecraft:killed_by":{"minecraft:spider":1}},"DataVersion":3465}