{"stats":{"minecraft:killed":{"minecraft:sheep":2,"minecraft:pig":2,"minecraft:chicken":2},"minecraft:picked_up":{"minecraft:birch_log":81,"minecraft:dark_oak_sapling":1,"minecraft:stick":2,"minecraft:crafting_table":4,"minecraft:feather":3,"minecraft:chicken":2,"minecraft:sweet_berries":13,"minecraft:porkchop":4,"minecraft:spruce_sapling":1,"minecraft:oak_log":11,"minecraft:spruce_log":175,"minecraft:dark_oak_log":50,"minecraft:dirt":5,"minecraft:dark_oak_planks":4,"minecraft:raw_copper":5,"minecraft:mutton":4,"minecraft:white_wool":3,"minecraft:cobblestone":9},"minecraft:custom":{"minecraft:time_since_rest":16633,"minecraft:interact_with_furnace":1,"minecraft:sprint_one_cm":32512,"minecraft:damage_taken":580,"minecraft:walk_one_cm":41305,"minecraft:mob_kills":6,"minecraft:drop":10,"minecraft:damage_dealt":516,"minecraft:swim_one_cm":24718,"minecraft:interact_with_crafting_table":6,"minecraft:fly_one_cm":22784,"minecraft:crouch_one_cm":1017,"minecraft:play_time":32912,"minecraft:deaths":1,"minecraft:sneak_time":574,"minecraft:walk_under_water_one_cm":993,"minecraft:jump":321,"minecraft:leave_game":2,"minecraft:walk_on_water_one_cm":2927,"minecraft:time_since_death":16613,"minecraft:total_world_time":32912,"minecraft:fall_one_cm":11195},"minecraft:dropped":{"minecraft:dirt":2,"minecraft:raw_copper":5,"minecraft:crafting_table":1,"minecraft:cobblestone":2},"minecraft:crafted":{"minecraft:oak_planks":28,"minecraft:crafting_table":2,"minecraft:iron_axe":1,"minecraft:spruce_planks":336,"minecraft:stick":12,"minecraft:wooden_pickaxe":1,"minecraft:stone_pickaxe":1,"minecraft:dark_oak_planks":84,"minecraft:stone_axe":1},"minecraft:mined":{"minecraft:dark_oak_planks":4,"minecraft:dark_oak_leaves":4,"minecraft:birch_log":83,"minecraft:sweet_berry_bush":3,"minecraft:spruce_log":175,"minecraft:dark_oak_log":51,"minecraft:crafting_table":3,"minecraft:grass":1,"minecraft:grass_block":1,"minecraft:oak_log":11,"minecraft:dirt":2,"minecraft:copper_ore":1,"minecraft:spruce_leaves":14,"minecraft:red_mushroom_block":2,"minecraft:stone":12,"minecraft:white_wool":1,"minecraft:oak_leaves":3,"minecraft:fern":3},"minecraft:used":{"minecraft:dark_oak_planks":10,"minecraft:iron_axe":231,"minecraft:chicken":2,"minecraft:stone_pickaxe":1,"minecraft:wooden_pickaxe":12,"minecraft:spruce_sapling":1,"minecraft:stone_axe":121,"minecraft:white_wool":1,"minecraft:dirt":1,"minecraft:cobblestone":1,"minecraft:mutton":1,"minecraft:sweet_berries":5,"minecraft:crafting_table":2,"minecraft:porkchop":4,"minecraft:birch_log":2,"minecraft:dark_oak_sapling":1},"minecraft:killed_by":{"minecraft:spider":1}},"DataVersion":3465}