{"stats":{"minecraft:killed":{"minecraft:pig":4,"minecraft:sheep":3,"minecraft:chicken":2},"minecraft:picked_up":{"minecraft:birch_log":101,"minecraft:crafting_table":9,"minecraft:birch_door":1,"minecraft:feather":3,"minecraft:chicken":2,"minecraft:oak_log":11,"minecraft:dirt":29,"minecraft:raw_copper":69,"minecraft:cobbled_deepslate":11,"minecraft:iron_ingot":147,"minecraft:chest":1,"minecraft:dark_oak_sapling":1,"minecraft:stick":2,"minecraft:sweet_berries":13,"minecraft:torch":1,"minecraft:gravel":4,"minecraft:porkchop":9,"minecraft:spruce_sapling":1,"minecraft:spruce_log":176,"minecraft:dark_oak_log":57,"minecraft:dark_oak_planks":4,"minecraft:mutton":6,"minecraft:coal":18,"minecraft:white_wool":4,"minecraft:cobblestone":82},"minecraft:custom":{"minecraft:interact_with_furnace":1,"minecraft:mob_kills":9,"minecraft:interact_with_crafting_table":17,"minecraft:leave_game":6,"minecraft:time_since_death":19464,"minecraft:time_since_rest":19484,"minecraft:sprint_one_cm":62891,"minecraft:damage_taken":1122,"minecraft:walk_one_cm":78789,"minecraft:drop":16,"minecraft:damage_dealt":805,"minecraft:swim_one_cm":100273,"minecraft:fly_one_cm":39911,"minecraft:open_chest":3,"minecraft:crouch_one_cm":3080,"minecraft:play_time":68478,"minecraft:deaths":2,"minecraft:sneak_time":1686,"minecraft:walk_under_water_one_cm":18457,"minecraft:jump":573,"minecraft:walk_on_water_one_cm":10904,"minecraft:total_world_time":68478,"minecraft:fall_one_cm":17284},"minecraft:dropped":{"minecraft:cooked_beef":3,"minecraft:raw_copper":69,"minecraft:crafting_table":3,"minecraft:cobblestone":2,"minecraft:dirt":2},"minecraft:broken":{"minecraft:iron_axe":1},"minecraft:crafted":{"minecraft:oak_planks":28,"minecraft:crafting_table":2,"minecraft:spruce_planks":700,"minecraft:wooden_pickaxe":1,"minecraft:iron_helmet":1,"minecraft:birch_planks":76,"minecraft:stone_axe":1,"minecraft:iron_boots":1,"minecraft:iron_chestplate":1,"minecraft:shield":1,"minecraft:iron_axe":3,"minecraft:stick":32,"minecraft:iron_pickaxe":2,"minecraft:stone_pickaxe":1,"minecraft:iron_shovel":1,"minecraft:iron_leggings":1,"minecraft:birch_door":9,"minecraft:dark_oak_planks":228},"minecraft:mined":{"minecraft:dark_oak_planks":4,"minecraft:dark_oak_leaves":4,"minecraft:dark_oak_log":58,"minecraft:crafting_table":6,"minecraft:grass_block":2,"minecraft:chest":1,"minecraft:cobblestone":1,"minecraft:copper_ore":20,"minecraft:spruce_leaves":14,"minecraft:wall_torch":1,"minecraft:birch_log":103,"minecraft:sweet_berry_bush":3,"minecraft:spruce_log":176,"minecraft:birch_door":2,"minecraft:grass":1,"minecraft:coal_ore":18,"minecraft:oak_log":11,"minecraft:gravel":4,"minecraft:dirt":25,"minecraft:red_mushroom_block":2,"minecraft:stone":86,"minecraft:white_wool":1,"minecraft:oak_leaves":3,"minecraft:deepslate":12,"minecraft:fern":4},"minecraft:used":{"minecraft:stone_pickaxe":1,"minecraft:chest":1,"minecraft:wooden_pickaxe":12,"minecraft:iron_chestplate":1,"minecraft:white_wool":1,"minecraft:torch":1,"minecraft:dirt":8,"minecraft:mutton":3,"minecraft:crafting_table":5,"minecraft:spruce_log":1,"minecraft:birch_door":3,"minecraft:dark_oak_planks":10,"minecraft:iron_axe":270,"minecraft:chicken":2,"minecraft:iron_pickaxe":127,"minecraft:iron_helmet":1,"minecraft:iron_boots":1,"minecraft:spruce_sapling":1,"minecraft:gravel":4,"minecraft:stone_axe":121,"minecraft:cobblestone":21,"minecraft:sweet_berries":9,"minecraft:porkchop":9,"minecraft:birch_log":3,"minecraft:cooked_beef":3,"minecraft:cobbled_deepslate":10,"minecraft:iron_leggings":1,"minecraft:dark_oak_sapling":1},"minecraft:killed_by":{"minecraft:spider":1}},"DataVersion":3465}