{"stats":{"minecraft:picked_up":{"minecraft:andesite":2,"minecraft:cobbled_deepslate":54,"minecraft:granite":7,"minecraft:flint":3,"minecraft:tuff":56,"minecraft:iron_pickaxe":64,"minecraft:lapis_lazuli":1331,"minecraft:coal":412,"minecraft:dirt":3,"minecraft:cobblestone":55},"minecraft:custom":{"minecraft:time_since_rest":9715,"minecraft:crouch_one_cm":3293,"minecraft:play_time":9715,"minecraft:sprint_one_cm":37976,"minecraft:walk_one_cm":11292,"minecraft:sneak_time":497,"minecraft:jump":208,"minecraft:leave_game":1,"minecraft:time_since_death":9715,"minecraft:total_world_time":9715,"minecraft:fall_one_cm":9867,"minecraft:fly_one_cm":22453},"minecraft:broken":{"minecraft:iron_pickaxe":5},"minecraft:mined":{"minecraft:granite":7,"minecraft:grass_block":1,"minecraft:coal_ore":2,"minecraft:tuff":103,"minecraft:gravel":3,"minecraft:dirt":2,"minecraft:cobbled_deepslate":3,"minecraft:deepslate_gold_ore":1,"minecraft:stone":65,"minecraft:andesite":2,"minecraft:moss_block":2,"minecraft:deepslate_lapis_ore":10,"minecraft:deepslate":1064},"minecraft:used":{"minecraft:iron_pickaxe":1265}},"DataVersion":3465}